-- --------------------------------------------------------
-- Host:                         127.0.0.1
-- Versión del servidor:         10.1.16-MariaDB - mariadb.org binary distribution
-- SO del servidor:              Win32
-- HeidiSQL Versión:             9.3.0.4984
-- --------------------------------------------------------

/*!40101 SET @OLD_CHARACTER_SET_CLIENT=@@CHARACTER_SET_CLIENT */;
/*!40101 SET NAMES utf8mb4 */;
/*!40014 SET @OLD_FOREIGN_KEY_CHECKS=@@FOREIGN_KEY_CHECKS, FOREIGN_KEY_CHECKS=0 */;
/*!40101 SET @OLD_SQL_MODE=@@SQL_MODE, SQL_MODE='NO_AUTO_VALUE_ON_ZERO' */;

-- Volcando estructura de base de datos para ipp
CREATE DATABASE IF NOT EXISTS `ipp` /*!40100 DEFAULT CHARACTER SET utf8 COLLATE utf8_bin */;
USE `ipp`;


-- Volcando estructura para tabla ipp.auditar
CREATE TABLE IF NOT EXISTS `auditar` (
  `id` int(11) NOT NULL AUTO_INCREMENT,
  `CedulaEmp` int(11) NOT NULL,
  `CedulaPers` int(11) NOT NULL,
  `Contenido` text COLLATE utf8_unicode_ci NOT NULL,
  `Accion` varchar(100) COLLATE utf8_unicode_ci NOT NULL,
  `Fecha` date NOT NULL,
  `Hora` time NOT NULL,
  PRIMARY KEY (`id`)
) ENGINE=InnoDB DEFAULT CHARSET=utf8 COLLATE=utf8_unicode_ci COMMENT='Auditor Planilla';

-- Volcando datos para la tabla ipp.auditar: ~0 rows (aproximadamente)
DELETE FROM `auditar`;
/*!40000 ALTER TABLE `auditar` DISABLE KEYS */;
/*!40000 ALTER TABLE `auditar` ENABLE KEYS */;


-- Volcando estructura para tabla ipp.beneficiario
CREATE TABLE IF NOT EXISTS `beneficiario` (
  `ben_codigo` int(11) NOT NULL AUTO_INCREMENT,
  `ben_titcodigo` int(11) DEFAULT NULL,
  `ben_poseeced` int(11) DEFAULT NULL,
  `ben_cedula` int(11) DEFAULT NULL,
  `ben_nombres` varchar(100) COLLATE utf8_bin DEFAULT NULL,
  `ben_apellidos` varchar(100) COLLATE utf8_bin DEFAULT NULL,
  `ben_fecnac` date DEFAULT NULL,
  `ben_sexo` int(11) DEFAULT NULL,
  `ben_parentesco` int(11) DEFAULT NULL,
  `ben_indem` int(11) DEFAULT NULL,
  `ben_hcm` int(11) DEFAULT NULL,
  PRIMARY KEY (`ben_codigo`),
  KEY `FK_beneficiario_gen_sexo` (`ben_sexo`),
  KEY `FK_beneficiario_titular` (`ben_titcodigo`),
  KEY `FK_beneficiario_gen_parentesco` (`ben_parentesco`),
  CONSTRAINT `FK_beneficiario_gen_parentesco` FOREIGN KEY (`ben_parentesco`) REFERENCES `gen_parentesco` (`par_codigo`),
  CONSTRAINT `FK_beneficiario_gen_sexo` FOREIGN KEY (`ben_sexo`) REFERENCES `gen_sexo` (`id`),
  CONSTRAINT `FK_beneficiario_titular` FOREIGN KEY (`ben_titcodigo`) REFERENCES `titular` (`tit_codigo`) ON DELETE CASCADE ON UPDATE CASCADE
) ENGINE=InnoDB AUTO_INCREMENT=15 DEFAULT CHARSET=utf8 COLLATE=utf8_bin;

-- Volcando datos para la tabla ipp.beneficiario: ~1 rows (aproximadamente)
DELETE FROM `beneficiario`;
/*!40000 ALTER TABLE `beneficiario` DISABLE KEYS */;
INSERT INTO `beneficiario` (`ben_codigo`, `ben_titcodigo`, `ben_poseeced`, `ben_cedula`, `ben_nombres`, `ben_apellidos`, `ben_fecnac`, `ben_sexo`, `ben_parentesco`, `ben_indem`, `ben_hcm`) VALUES
	(14, 16, 3, 19191492, 'gabriel anatoly', 'rojas', '1989-06-15', 1, 3, 3, NULL);
/*!40000 ALTER TABLE `beneficiario` ENABLE KEYS */;


-- Volcando estructura para tabla ipp.clinica
CREATE TABLE IF NOT EXISTS `clinica` (
  `cl_codigo` int(11) NOT NULL AUTO_INCREMENT,
  `cl_razon` int(11) NOT NULL DEFAULT '0',
  `cl_numero` int(11) NOT NULL DEFAULT '0',
  `cl_descripcion` varchar(250) COLLATE utf8_bin DEFAULT NULL,
  `cl_status` int(11) DEFAULT NULL,
  PRIMARY KEY (`cl_codigo`),
  UNIQUE KEY `cl_descripcion` (`cl_descripcion`)
) ENGINE=InnoDB AUTO_INCREMENT=17 DEFAULT CHARSET=utf8 COLLATE=utf8_bin;

-- Volcando datos para la tabla ipp.clinica: ~2 rows (aproximadamente)
DELETE FROM `clinica`;
/*!40000 ALTER TABLE `clinica` DISABLE KEYS */;
INSERT INTO `clinica` (`cl_codigo`, `cl_razon`, `cl_numero`, `cl_descripcion`, `cl_status`) VALUES
	(7, 2, 19191493, 'gabriel anatoly', NULL),
	(16, 2, 19191492, 'gabriel anatolys', NULL);
/*!40000 ALTER TABLE `clinica` ENABLE KEYS */;


-- Volcando estructura para tabla ipp.c_ciudad
CREATE TABLE IF NOT EXISTS `c_ciudad` (
  `id` int(11) NOT NULL,
  `Ciudad` varchar(100) COLLATE utf8_unicode_ci NOT NULL
) ENGINE=InnoDB DEFAULT CHARSET=utf8 COLLATE=utf8_unicode_ci COMMENT='Ingresar Ciudades';

-- Volcando datos para la tabla ipp.c_ciudad: ~0 rows (aproximadamente)
DELETE FROM `c_ciudad`;
/*!40000 ALTER TABLE `c_ciudad` DISABLE KEYS */;
INSERT INTO `c_ciudad` (`id`, `Ciudad`) VALUES
	(1, 'Barinas');
/*!40000 ALTER TABLE `c_ciudad` ENABLE KEYS */;


-- Volcando estructura para tabla ipp.c_estados
CREATE TABLE IF NOT EXISTS `c_estados` (
  `id` int(11) NOT NULL,
  `idCiudad` int(11) NOT NULL,
  `Estado` varchar(100) COLLATE utf8_unicode_ci NOT NULL
) ENGINE=InnoDB DEFAULT CHARSET=utf8 COLLATE=utf8_unicode_ci COMMENT='Ingresar Estados';

-- Volcando datos para la tabla ipp.c_estados: ~25 rows (aproximadamente)
DELETE FROM `c_estados`;
/*!40000 ALTER TABLE `c_estados` DISABLE KEYS */;
INSERT INTO `c_estados` (`id`, `idCiudad`, `Estado`) VALUES
	(1, 1, 'DISTRITO CAPITAL'),
	(2, 1, 'AMAZONAS'),
	(3, 1, 'ANZOÁTEGUI'),
	(4, 1, 'APURE'),
	(5, 1, 'ARAGUA'),
	(6, 1, 'BARINAS'),
	(7, 1, 'BOLÍVAR'),
	(8, 1, 'CARABOBO'),
	(9, 1, 'COJEDES'),
	(10, 1, 'DELTA AMACURO'),
	(11, 1, 'FALCÓN'),
	(12, 1, 'GUÁRICO'),
	(13, 1, 'LARA'),
	(14, 1, 'MÉRIDA'),
	(15, 1, 'MIRANDA'),
	(16, 1, 'MONAGAS'),
	(17, 1, 'NUEVA ESPARTA'),
	(18, 1, 'PORTUGUESA'),
	(19, 1, 'SUCRE'),
	(20, 1, 'TÁCHIRA'),
	(21, 1, 'TRUJILLO'),
	(22, 1, 'YARACUY'),
	(23, 1, 'ZULIA'),
	(24, 1, 'VARGAS'),
	(25, 1, 'DEPENDENCIAS FEDERALES');
/*!40000 ALTER TABLE `c_estados` ENABLE KEYS */;


-- Volcando estructura para tabla ipp.c_municipios
CREATE TABLE IF NOT EXISTS `c_municipios` (
  `id` int(11) NOT NULL,
  `Municipio` varchar(100) COLLATE utf8_unicode_ci NOT NULL,
  `IdEstado` int(11) NOT NULL
) ENGINE=InnoDB DEFAULT CHARSET=utf8 COLLATE=utf8_unicode_ci COMMENT='Ingresar Municipio';

-- Volcando datos para la tabla ipp.c_municipios: ~335 rows (aproximadamente)
DELETE FROM `c_municipios`;
/*!40000 ALTER TABLE `c_municipios` DISABLE KEYS */;
INSERT INTO `c_municipios` (`id`, `Municipio`, `IdEstado`) VALUES
	(1, 'Municipio Libertador', 1),
	(2, 'Municipio Autónomo Alto Orinoco', 2),
	(3, 'Municipio Autónomo Atabapo', 2),
	(4, 'Municipio Autónomo Atures', 2),
	(5, 'Municipio Autónomo Autana', 2),
	(6, 'Municipio Autónomo Maroa', 2),
	(7, 'Municipio Autónomo Manapiare', 2),
	(8, 'Municipio Autónomo Río Negro', 2),
	(9, 'Municipio Anaco', 3),
	(10, 'Municipio Aragua', 3),
	(11, 'Municipio Fernando de Peñalver', 3),
	(12, 'Municipio Francisco del Carmen Carvajal', 3),
	(13, 'Municipio Francisco de Miranda', 3),
	(14, 'Municipio Guanta', 3),
	(15, 'Municipio Independencia', 3),
	(16, 'Municipio Juan Antonio Sotillo', 3),
	(17, 'Municipio Juan Manuel Cajigal', 3),
	(18, 'Municipio José Gregorio Monagas', 3),
	(19, 'Municipio Libertad', 3),
	(20, 'Municipio Manuel Ezequiel Bruzual', 3),
	(21, 'Municipio Pedro María Freites', 3),
	(22, 'Municipio Píritu', 3),
	(23, 'Municipio San José de Guanipa', 3),
	(24, 'Municipio San Juan de Capistrano', 3),
	(25, 'Municipio Santa Ana', 3),
	(26, 'Municipio Simón Bolívar', 3),
	(27, 'Municipio Simón Rodríguez', 3),
	(28, 'Municipio Sir Arthur Mc Gregor', 3),
	(29, 'Municipio Turístico Diego Bautista Urbaneja', 3),
	(30, 'Municipio Achaguas', 4),
	(31, 'Municipio Biruaca', 4),
	(32, 'Municipio Muñoz', 4),
	(33, 'Municipio Páez', 4),
	(34, 'Municipio Pedro Camejo', 4),
	(35, 'Municipio Rómulo Gallegos', 4),
	(36, 'Municipio San Fernando', 4),
	(37, 'Municipio Bolívar', 5),
	(38, 'Municipio Camatagua', 5),
	(39, 'Municipio Girardot ', 5),
	(40, 'Municipio José Angel Lamas', 5),
	(41, 'Municipio José Félix Ribas', 5),
	(42, 'Municipio José Rafael Revenga', 5),
	(43, 'Municipio Libertador', 5),
	(44, 'Municipio Mario Briceño Iragorry', 5),
	(45, 'Municipio San Casimiro', 5),
	(46, 'Municipio San Sebastián', 5),
	(47, 'Municipio Santiago Mariño', 5),
	(48, 'Municipio Santos Michelena', 5),
	(49, 'Municipio Sucre', 5),
	(50, 'Municipio Tovar', 5),
	(51, 'Municipio Urdaneta', 5),
	(52, 'Municipio Zamora', 5),
	(53, 'Municipio Francisco Linares Alcántara', 5),
	(54, 'Municipio Ocumare de La Costa de Oro', 5),
	(55, 'Municipio Alberto Arvelo Torrealba', 6),
	(56, 'Municipio Antonio José de Sucre', 6),
	(57, 'Municipio Arismendi', 6),
	(58, 'Municipio Barinas', 6),
	(59, 'Municipio Bolívar', 6),
	(60, 'Municipio Cruz Paredes', 6),
	(61, 'Municipio Ezequiel Zamora', 6),
	(62, 'Municipio Obispos', 6),
	(63, 'Municipio Pedraza', 6),
	(64, 'Municipio Rojas', 6),
	(65, 'Municipio Sosa', 6),
	(66, 'Municipio Andrés Eloy Blanco', 6),
	(67, 'Municipio Caroní', 7),
	(68, 'Municipio Cedeño', 7),
	(69, 'Municipio El Callao', 7),
	(70, 'Municipio Gran Sabana', 7),
	(71, 'Municipio Heres', 7),
	(72, 'Municipio Piar', 7),
	(73, 'Municipio Raúl Leoni', 7),
	(74, 'Municipio Roscio', 7),
	(75, 'Municipio Sifontes', 7),
	(76, 'Municipio Sucre', 7),
	(77, 'Municipio Padre Pedro Chien', 7),
	(78, 'Municipio Bejuma', 8),
	(79, 'Municipio Carlos Arvelo', 8),
	(80, 'Municipio Diego Ibarra', 8),
	(81, 'Municipio Guacara', 8),
	(82, 'Municipio Juan José Mora', 8),
	(83, 'Municipio Libertador', 8),
	(84, 'Municipio Los Guayos', 8),
	(85, 'Municipio Miranda', 8),
	(86, 'Municipio Montalbán', 8),
	(87, 'Municipio Naguanagua', 8),
	(88, 'Municipio Puerto Cabello', 8),
	(89, 'Municipio San Diego', 8),
	(90, 'Municipio San Joaquín', 8),
	(91, 'Municipio Valencia', 8),
	(92, 'Municipio Anzoátegui', 9),
	(93, 'Municipio Falcón', 9),
	(94, 'Municipio Girardot', 9),
	(95, 'Municipio Lima Blanco', 9),
	(96, 'Municipio Pao de San Juan Bautista', 9),
	(97, 'Municipio Ricaurte', 9),
	(98, 'Municipio Rómulo Gallegos', 9),
	(99, 'Municipio San Carlos', 9),
	(100, 'Municipio Tinaco', 9),
	(101, 'Municipio Antonio Díaz', 10),
	(102, 'Municipio Casacoima', 10),
	(103, 'Municipio Pedernales', 10),
	(104, 'Municipio Tucupita', 10),
	(105, 'Municipio Acosta', 11),
	(106, 'Municipio Bolívar', 11),
	(107, 'Municipio Buchivacoa', 11),
	(108, 'Municipio Cacique Manaure', 11),
	(109, 'Municipio Carirubana', 11),
	(110, 'Municipio Colina', 11),
	(111, 'Municipio Dabajuro', 11),
	(112, 'Municipio Democracia', 11),
	(113, 'Municipio Falcón', 11),
	(114, 'Municipio Federación', 11),
	(115, 'Municipio Jacura', 11),
	(116, 'Municipio Los Taques', 11),
	(117, 'Municipio Mauroa', 11),
	(118, 'Municipio Miranda', 11),
	(119, 'Municipio Monseñor Iturriza', 11),
	(120, 'Municipio Palmasola', 11),
	(121, 'Municipio Petit', 11),
	(122, 'Municipio Píritu', 11),
	(123, 'Municipio San Francisco', 11),
	(124, 'Municipio Silva', 11),
	(125, 'Municipio Sucre', 11),
	(126, 'Municipio Tocópero', 11),
	(127, 'Municipio Unión', 11),
	(128, 'Municipio Urumaco', 11),
	(129, 'Municipio Zamora', 11),
	(130, 'Municipio Camaguán', 12),
	(131, 'Municipio Chaguaramas', 12),
	(132, 'Municipio El Socorro', 12),
	(133, 'Municipio San Gerónimo de Guayabal', 12),
	(134, 'Municipio Leonardo Infante', 12),
	(135, 'Municipio Las Mercedes', 12),
	(136, 'Municipio Julián Mellado', 12),
	(137, 'Municipio Francisco de Miranda', 12),
	(138, 'Municipio José Tadeo Monagas', 12),
	(139, 'Municipio Ortiz', 12),
	(140, 'Municipio José Félix Ribas', 12),
	(141, 'Municipio Juan Germán Roscio', 12),
	(142, 'Municipio San José de Guaribe', 12),
	(143, 'Municipio Santa María de Ipire', 12),
	(144, 'Municipio Pedro Zaraza', 12),
	(145, 'Municipio Andrés Eloy Blanco', 13),
	(146, 'Municipio Crespo', 13),
	(147, 'Municipio Iribarren', 13),
	(148, 'Municipio Jiménez', 13),
	(149, 'Municipio Morán', 13),
	(150, 'Municipio Palavecino', 13),
	(151, 'Municipio Simón Planas', 13),
	(152, 'Municipio Torres', 13),
	(153, 'Municipio Urdaneta', 13),
	(154, 'Municipio Alberto Adriani ', 14),
	(155, 'Municipio Andrés Bello', 14),
	(156, 'Municipio Antonio Pinto Salinas', 14),
	(157, 'Municipio Aricagua ', 14),
	(158, 'Municipio Arzobispo Chacón', 14),
	(159, 'Municipio Campo Elías ', 14),
	(160, 'Municipio Caracciolo Parra Olmedo ', 14),
	(161, 'Municipio Cardenal Quintero ', 14),
	(162, 'Municipio Guaraque ', 14),
	(163, 'Municipio Julio César Salas ', 14),
	(164, 'Municipio Justo Briceño', 14),
	(165, 'Municipio Libertador ', 14),
	(166, 'Municipio Miranda', 14),
	(167, 'Municipio Obispo Ramos de Lora ', 14),
	(168, 'Municipio Padre Noguera ', 14),
	(169, 'Municipio Pueblo Llano ', 14),
	(170, 'Municipio Rangel', 14),
	(171, 'Municipio Rivas Dávila', 14),
	(172, 'Municipio Santos Marquina ', 14),
	(173, 'Municipio Sucre', 14),
	(174, 'Municipio Tovar', 14),
	(175, 'Municipio Tulio Febres Cordero ', 14),
	(176, 'Municipio Zea', 14),
	(177, 'Municipio Acevedo', 15),
	(178, 'Municipio Andrés Bello', 15),
	(179, 'Municipio Baruta', 15),
	(180, 'Municipio Brión', 15),
	(181, 'Municipio Buroz', 15),
	(182, 'Municipio Carrizal ', 15),
	(183, 'Municipio Chacao', 15),
	(184, 'Municipio Cristóbal Rojas', 15),
	(185, 'Municipio El Hatillo', 15),
	(186, 'Municipio Guaicaipuro', 15),
	(187, 'Municipio Independencia', 15),
	(188, 'Municipio Lander', 15),
	(189, 'Municipio Los Salias', 15),
	(190, 'Municipio Páez', 15),
	(191, 'Municipio Paz Castillo', 15),
	(192, 'Municipio Pedro Gual', 15),
	(193, 'Municipio Plaza', 15),
	(194, 'Municipio Simón Bolívar', 15),
	(195, 'Municipio Sucre', 15),
	(196, 'Municipio Urdaneta', 15),
	(197, 'Municipio Zamora', 15),
	(198, 'Municipio Acosta', 16),
	(199, 'Municipio Aguasay', 16),
	(200, 'Municipio Bolívar', 16),
	(201, 'Municipio Caripe', 16),
	(202, 'Municipio Cedeño', 16),
	(203, 'Municipio Ezequiel Zamora', 16),
	(204, 'Municipio Libertador', 16),
	(205, 'Municipio Maturín', 16),
	(206, 'Municipio Piar', 16),
	(207, 'Municipio Punceres', 16),
	(208, 'Municipio Santa Bárbara', 16),
	(209, 'Municipio Sotillo', 16),
	(210, 'Municipio Uracoa', 16),
	(211, 'Municipio Antolín del Campo', 17),
	(212, 'Municipio Arismendi', 17),
	(213, 'Municipio Díaz', 17),
	(214, 'Municipio García', 17),
	(215, 'Municipio Gómez', 17),
	(216, 'Municipio Maneiro', 17),
	(217, 'Municipio Marcano', 17),
	(218, 'Municipio Mariño', 17),
	(219, 'Municipio Península de Macanao', 17),
	(220, 'Municipio Tubores', 17),
	(221, 'Municipio Villalba', 17),
	(222, 'Municipio Agua Blanca', 18),
	(223, 'Municipio Araure', 18),
	(224, 'Municipio Esteller', 18),
	(225, 'Municipio Guanare', 18),
	(226, 'Municipio Guanarito', 18),
	(227, 'Municipio Monseñor José Vicente de Unda', 18),
	(228, 'Municipio Ospino', 18),
	(229, 'Municipio Páez', 18),
	(230, 'Municipio Papelón', 18),
	(231, 'Municipio San Genaro de Boconoito', 18),
	(232, 'Municipio San Rafael de Onoto', 18),
	(233, 'Municipio Santa Rosalía', 18),
	(234, 'Municipio Sucre', 18),
	(235, 'Municipio Turén', 18),
	(236, 'Municipio Andrés Eloy Blanco', 19),
	(237, 'Municipio Andrés Mata', 19),
	(238, 'Municipio Arismendi', 19),
	(239, 'Municipio Benítez', 19),
	(240, 'Municipio Bermúdez', 19),
	(241, 'Municipio Bolívar', 19),
	(242, 'Municipio Cajigal', 19),
	(243, 'Municipio Cruz Salmerón Acosta', 19),
	(244, 'Municipio Libertador', 19),
	(245, 'Municipio Mariño', 19),
	(246, 'Municipio Mejía', 19),
	(247, 'Municipio Montes', 19),
	(248, 'Municipio Ribero', 19),
	(249, 'Municipio Sucre', 19),
	(250, 'Municipio Valdez', 19),
	(251, 'Municipio Andrés Bello', 20),
	(252, 'Municipio Antonio Rómulo Costa', 20),
	(253, 'Municipio Ayacucho', 20),
	(254, 'Municipio Bolívar', 20),
	(255, 'Municipio Cárdenas', 20),
	(256, 'Municipio Córdoba', 20),
	(257, 'Municipio Fernández Feo', 20),
	(258, 'Municipio Francisco de Miranda', 20),
	(259, 'Municipio García de Hevia', 20),
	(260, 'Municipio Guásimos', 20),
	(261, 'Municipio Independencia', 20),
	(262, 'Municipio Jáuregui', 20),
	(263, 'Municipio José María Vargas', 20),
	(264, 'Municipio Junín', 20),
	(265, 'Municipio Libertad', 20),
	(266, 'Municipio Libertador', 20),
	(267, 'Municipio Lobatera', 20),
	(268, 'Municipio Michelena', 20),
	(269, 'Municipio Panamericano', 20),
	(270, 'Municipio Pedro María Ureña', 20),
	(271, 'Municipio Rafael Urdaneta', 20),
	(272, 'Municipio Samuel Darío Maldonado', 20),
	(273, 'Municipio San Cristóbal', 20),
	(274, 'Municipio Seboruco', 20),
	(275, 'Municipio Simón Rodríguez', 20),
	(276, 'Municipio Sucre', 20),
	(277, 'Municipio Torbes', 20),
	(278, 'Municipio Uribante', 20),
	(279, 'Municipio San Judas Tadeo', 20),
	(280, 'Municipio Andrés Bello', 21),
	(281, 'Municipio Boconó', 21),
	(282, 'Municipio Bolívar', 21),
	(283, 'Municipio Candelaria', 21),
	(284, 'Municipio Carache', 21),
	(285, 'Municipio Escuque', 21),
	(286, 'Municipio José Felipe Márquez Cañizales', 21),
	(287, 'Municipio Juan Vicente Campo Elías', 21),
	(288, 'Municipio La Ceiba', 21),
	(289, 'Municipio Miranda', 21),
	(290, 'Municipio Monte Carmelo', 21),
	(291, 'Municipio Motatán', 21),
	(292, 'Municipio Pampán', 21),
	(293, 'Municipio Pampanito', 21),
	(294, 'Municipio Rafael Rangel', 21),
	(295, 'Municipio San Rafael de Carvajal', 21),
	(296, 'Municipio Sucre', 21),
	(297, 'Municipio Trujillo', 21),
	(298, 'Municipio Urdaneta', 21),
	(299, 'Municipio Valera', 21),
	(300, 'Municipio Arístides Bastidas', 22),
	(301, 'Municipio Bolívar', 22),
	(302, 'Municipio Bruzual', 22),
	(303, 'Municipio Cocorote', 22),
	(304, 'Municipio Independencia', 22),
	(305, 'Municipio José Antonio Páez', 22),
	(306, 'Municipio La Trinidad', 22),
	(307, 'Municipio Manuel Monge', 22),
	(308, 'Municipio Nirgua', 22),
	(309, 'Municipio Peña', 22),
	(310, 'Municipio San Felipe', 22),
	(311, 'Municipio Sucre', 22),
	(312, 'Municipio Urachiche', 22),
	(313, 'Municipio Veroes', 22),
	(314, 'Municipio Almirante Padilla', 23),
	(315, 'Municipio Baralt', 23),
	(316, 'Municipio Cabimas', 23),
	(317, 'Municipio Catatumbo', 23),
	(318, 'Municipio Colón', 23),
	(319, 'Municipio Francisco Javier Pulgar', 23),
	(320, 'Municipio Jesús Enrique Lossada', 23),
	(321, 'Municipio Jesús María Semprúm', 23),
	(322, 'Municipio La Cañada de Urdaneta', 23),
	(323, 'Municipio Lagunillas', 23),
	(324, 'Municipio Machiques de Perijá', 23),
	(325, 'Municipio Mara', 23),
	(326, 'Municipio Maracaibo', 23),
	(327, 'Municipio Miranda', 23),
	(328, 'Municipio Páez', 23),
	(329, 'Municipio Rosario de Perijá', 23),
	(330, 'Municipio San Francisco', 23),
	(331, 'Municipio Santa Rita', 23),
	(332, 'Municipio Simón Bolívar', 23),
	(333, 'Municipio Sucre', 23),
	(334, 'Municipio Valmore Rodríguez', 23),
	(335, 'Municipio Vargas', 24);
/*!40000 ALTER TABLE `c_municipios` ENABLE KEYS */;


-- Volcando estructura para tabla ipp.c_parroquia
CREATE TABLE IF NOT EXISTS `c_parroquia` (
  `id` int(11) NOT NULL,
  `Parroquia` varchar(100) COLLATE utf8_unicode_ci NOT NULL,
  `idMunicipio` int(11) NOT NULL
) ENGINE=InnoDB DEFAULT CHARSET=utf8 COLLATE=utf8_unicode_ci COMMENT='Ingresar Parroquia';

-- Volcando datos para la tabla ipp.c_parroquia: ~1.133 rows (aproximadamente)
DELETE FROM `c_parroquia`;
/*!40000 ALTER TABLE `c_parroquia` DISABLE KEYS */;
INSERT INTO `c_parroquia` (`id`, `Parroquia`, `idMunicipio`) VALUES
	(1, 'Parroquia Altagracia', 1),
	(2, 'Parroquia Antímano', 1),
	(3, 'Parroquia Candelaria', 1),
	(4, 'Parroquia Caricuao', 1),
	(5, 'Parroquia Catedral', 1),
	(6, 'Parroquia Coche', 1),
	(7, 'Parroquia El Junquito', 1),
	(8, 'Parroquia El Paraíso', 1),
	(9, 'Parroquia El Recreo', 1),
	(10, 'Parroquia El Valle', 1),
	(11, 'Parroquia La Pastora', 1),
	(12, 'Parroquia La Vega', 1),
	(13, 'Parroquia Macarao', 1),
	(14, 'Parroquia San Agustín', 1),
	(15, 'Parroquia San Bernardino', 1),
	(16, 'Parroquia San José', 1),
	(17, 'Parroquia San Juan', 1),
	(18, 'Parroquia San Pedro', 1),
	(19, 'Parroquia Santa Rosalía', 1),
	(20, 'Parroquia Santa Teresa', 1),
	(21, 'Parroquia Sucre', 1),
	(22, 'Parroquia 23 de Enero', 1),
	(23, 'Parroquia Capital Alto Orinoco', 2),
	(24, 'Parroquia Huachamacare', 2),
	(25, 'Parroquia Marawaka', 2),
	(26, 'Parroquia Mavaca', 2),
	(27, 'Parroquia Sierra Parima', 2),
	(28, 'Parroquia Ucata', 3),
	(29, 'Parroquia Yapacana', 3),
	(30, 'Parroquia Caname', 3),
	(31, 'Parroquia Fernando Girón Tovar', 4),
	(32, 'Parroquia Luis Alberto Gómez', 4),
	(33, 'Parroquia Parhueña', 4),
	(34, 'Parroquia Platanillal', 4),
	(35, 'Parroquia Samariapo', 5),
	(36, 'Parroquia Sipapo', 5),
	(37, 'Parroquia Munduapo', 5),
	(38, 'Parroquia Guayapo', 5),
	(39, 'Parroquia Victorino', 6),
	(40, 'Parroquia Comunidad', 6),
	(41, 'Parroquia Alto Ventuari', 7),
	(42, 'Parroquia Medio Ventuari', 7),
	(43, 'Parroquia Bajo Ventuari', 7),
	(44, 'Parroquia Capital Río Negro', 8),
	(45, 'Parroquia Solano', 8),
	(46, 'Parroquia Casiquiare', 8),
	(47, 'Parroquia Cocuy', 8),
	(48, 'Parroquia Capital Anaco ', 9),
	(49, 'Parroquia San Joaquín', 9),
	(50, 'Parroquia Capital Aragua', 10),
	(51, 'Parroquia Cachipo', 10),
	(52, 'Parroquia Capital Fernando de Peñalver', 11),
	(53, 'Parroquia San Miguel', 11),
	(54, 'Parroquia Sucre', 11),
	(55, 'Parroquia Valle de Guanape', 12),
	(56, 'Parroquia Santa Bárbara', 12),
	(57, 'Parroquia Capital Francisco de Miranda', 13),
	(58, 'Parroquia Atapirire', 13),
	(59, 'Parroquia Boca del Pao', 13),
	(60, 'Parroquia El Pao', 13),
	(61, 'Parroquia Múcura', 13),
	(62, 'Parroquia Guanta', 14),
	(63, 'Parroquia Chorrerón', 14),
	(64, 'Parroquia Capital Independencia', 15),
	(65, 'Parroquia Mamo', 15),
	(66, 'Parroquia Capital Puerto La Cruz', 16),
	(67, 'Parroquia Pozuelos', 16),
	(68, 'Parroquia Capital Onoto', 17),
	(69, 'Parroquia San Pablo', 17),
	(70, 'Parroquia Capital José Gregorio Monagas', 18),
	(71, 'Parroquia Piar', 18),
	(72, 'Parroquia San Diego de Cabrutica', 18),
	(73, 'Parroquia Santa Clara', 18),
	(74, 'Parroquia Uverito', 18),
	(75, 'Parroquia Zuata', 18),
	(76, 'Parroquia Capital Libertad', 19),
	(77, 'Parroquia El Carito', 19),
	(78, 'Parroquia Santa Inés', 19),
	(79, 'Parroquia Capital Clarines', 20),
	(80, 'Parroquia Guanape', 20),
	(81, 'Parroquia Sabana de Uchire', 20),
	(82, 'Parroquia Capital Pedro María Freites', 21),
	(83, 'Parroquia Libertador', 21),
	(84, 'Parroquia Santa Rosa', 21),
	(85, 'Parroquia Urica', 21),
	(86, 'Parroquia Capital Píritu', 22),
	(87, 'Parroquia San Francisco', 22),
	(88, 'Parroquia Capital San José de Guanipa', 23),
	(89, 'Parroquia Capital Boca de Uchire', 24),
	(90, 'Parroquia Boca de Chávez', 24),
	(91, 'Parroquia Capital Santa Ana', 25),
	(92, 'Parroquia Pueblo Nuevo', 25),
	(93, 'Parroquia El Carmen', 26),
	(94, 'Parroquia San Cristóbal', 26),
	(95, 'Parroquia Bergantín', 26),
	(96, 'Parroquia Caigua', 26),
	(97, 'Parroquia El Pilar', 26),
	(98, 'Parroquia Naricual', 26),
	(99, 'Parroquia Edmundo Barrios', 27),
	(100, 'Parroquia Miguel Otero Silva ', 27),
	(101, 'Parroquia El Chaparro', 28),
	(102, 'Parroquia Tomás Alfaro Calatrava', 28),
	(103, 'Parroquia Lecherías', 29),
	(104, 'Parroquia El Morro', 29),
	(105, 'Parroquia Urbana Achaguas', 30),
	(106, 'Parroquia Apurito', 30),
	(107, 'Parroquia El Yagual', 30),
	(108, 'Parroquia Guachara', 30),
	(109, 'Parroquia Mucuritas', 30),
	(110, 'Parroquia Queseras del Medio', 30),
	(111, 'Parroquia Urbana Biruaca', 31),
	(112, 'Parroquia Urbana Bruzual', 32),
	(113, 'Parroquia Mantecal', 32),
	(114, 'Parroquia Quintero', 32),
	(115, 'Parroquia Rincón Hondo', 32),
	(116, 'Parroquia San Vicente', 32),
	(117, 'Parroquia Urbana Guasdualito', 33),
	(118, 'Parroquia Aramendi', 33),
	(119, 'Parroquia El Amparo', 33),
	(120, 'Parroquia San Camilo', 33),
	(121, 'Parroquia Urdaneta', 33),
	(122, 'Parroquia Urbana San Juan de Payara', 34),
	(123, 'Parroquia Codazzi', 34),
	(124, 'Parroquia Cunaviche', 34),
	(125, 'Parroquia Urbana Elorza', 35),
	(126, 'Parroquia La Trinidad', 35),
	(127, 'Parroquia Urbana San Fernando', 36),
	(128, 'Parroquia El Recreo', 36),
	(129, 'Parroquia Peñalver', 36),
	(130, 'Parroquia San Rafael de Atamaica', 36),
	(131, 'Parroquia Capital Bolívar', 37),
	(132, 'Parroquia Capital Camatagua', 38),
	(133, 'Parroquia No Urbana Carmen de Cura', 38),
	(134, 'Parroquia No Urbana Choroní ', 39),
	(135, 'Parroquia Urbana Las Delicias', 39),
	(136, 'Parroquia Urbana Madre María de San José', 39),
	(137, 'Parroquia Urbana Joaquín Crespo', 39),
	(138, 'Parroquia Urbana Pedro José Ovalles', 39),
	(139, 'Parroquia Urbana José Casanova Godoy', 39),
	(140, 'Parroquia Urbana Andrés Eloy Blanco', 39),
	(141, 'Parroquia Urbana Los Tacariguas', 39),
	(142, 'Parroquia Capital José Angel Lamas', 40),
	(143, 'Parroquia Capital José Félix Ribas', 41),
	(144, 'Parroquia Castor Nieves Ríos', 41),
	(145, 'Parroquia No Urbana Las Guacamayas', 41),
	(146, 'Parroquia No Urbana Pao de Zárate', 41),
	(147, 'Parroquia No Urbana Zuata', 41),
	(148, 'Parroquia Capital José Rafael Revenga', 42),
	(149, 'Parroquia Capital Libertador', 43),
	(150, 'Parroquia No Urbana San Martín de Porres', 43),
	(151, 'Parroquia Capital Mario Briceño Iragorry', 44),
	(152, 'Parroquia Caña de Azúcar', 44),
	(153, 'Parroquia Capital San Casimiro', 45),
	(154, 'Parroquia No Urbana Güiripa', 45),
	(155, 'Parroquia No Urbana Ollas de Caramacate', 45),
	(156, 'Parroquia No Urbana Valle Morín', 45),
	(157, 'Parroquia Capital San Sebastian', 46),
	(158, 'Parroquia Capital Santiago Mariño', 47),
	(159, 'Parroquia No Urbana Arévalo Aponte', 47),
	(160, 'Parroquia No Urbana Chuao', 47),
	(161, 'Parroquia No Urbana Samán de Güere', 47),
	(162, 'Parroquia No Urbana Alfredo Pacheco Miranda', 47),
	(163, 'Parroquia Capital Santos Michelena', 48),
	(164, 'Parroquia No Urbana Tiara', 48),
	(165, 'Parroquia Capital Sucre', 49),
	(166, 'Parroquia No Urbana Bella Vista', 49),
	(167, 'Parroquia Capital Tovar', 50),
	(168, 'Parroquia Capital Urdaneta', 51),
	(169, 'Parroquia No Urbana Las Peñitas', 51),
	(170, 'Parroquia No Urbana San Francisco de Cara', 51),
	(171, 'Parroquia No Urbana Taguay', 51),
	(172, 'Parroquia Capital Zamora', 52),
	(173, 'Parroquia No Urbana Magdaleno', 52),
	(174, 'Parroquia No Urbana San Francisco de Asís', 52),
	(175, 'Parroquia No Urbana Valles de Tucutunemo', 52),
	(176, 'Parroquia No Urbana Augusto Mijares', 52),
	(177, 'Parroquia Capital Francisco Linares Alcántara', 53),
	(178, 'Parroquia No Urbana Francisco de Miranda', 53),
	(179, 'Parroquia No Urbana Monseñor Feliciano González', 53),
	(180, 'Parroquia Capital Ocumare de la Costa de Oro', 54),
	(181, 'Parroquia Sabaneta', 55),
	(182, 'Parroquia Rodríguez Domínguez', 55),
	(183, 'Parroquia Ticoporo', 56),
	(184, 'Parroquia Andrés Bello', 56),
	(185, 'Parroquia Nicolás Pulido', 56),
	(186, 'Parroquia Arismendi', 57),
	(187, 'Parroquia Guadarrama', 57),
	(188, 'Parroquia La Unión', 57),
	(189, 'Parroquia San Antonio', 57),
	(190, 'Parroquia Barinas', 58),
	(191, 'Parroquia Alfredo Arvelo Larriva', 58),
	(192, 'Parroquia San Silvestre', 58),
	(193, 'Parroquia Santa Inés', 58),
	(194, 'Parroquia Santa Lucía', 58),
	(195, 'Parroquia Torunos', 58),
	(196, 'Parroquia El Carmen', 58),
	(197, 'Parroquia Rómulo Betancourt', 58),
	(198, 'Parroquia Corazón de Jesús', 58),
	(199, 'Parroquia Ramón Ignacio Méndez', 58),
	(200, 'Parroquia Alto Barinas', 58),
	(201, 'Parroquia Manuel Palacio Fajardo', 58),
	(202, 'Parroquia Juan Antonio Rodríguez Domínguez', 58),
	(203, 'Parroquia Dominga Ortiz de Páez', 58),
	(204, 'Parroquia Barinitas', 59),
	(205, 'Parroquia Altamira', 59),
	(206, 'Parroquia Calderas', 59),
	(207, 'Parroquia Barrancas', 60),
	(208, 'Parroquia El Socorro', 60),
	(209, 'Parroquia Masparrito', 60),
	(210, 'Parroquia Santa Bárbara', 61),
	(211, 'Parroquia José Ignacio Del Pumar', 61),
	(212, 'Parroquia Pedro Briceño Méndez', 61),
	(213, 'Parroquia Ramón Ignacio Méndez', 61),
	(214, 'Parroquia Obispos', 62),
	(215, 'Parroquia El Real', 62),
	(216, 'Parroquia La Luz', 62),
	(217, 'Parroquia Los Guasimitos', 62),
	(218, 'Parroquia Ciudad Bolivia', 63),
	(219, 'Parroquia Ignacio Briceño', 63),
	(220, 'Parroquia José Félix Ribas', 63),
	(221, 'Parroquia Libertad', 64),
	(222, 'Parroquia Dolores', 64),
	(223, 'Parroquia Palacios Fajardo', 64),
	(224, 'Parroquia Santa Rosa', 64),
	(225, 'Parroquia Ciudad de Nutrias', 65),
	(226, 'Parroquia El Regalo', 65),
	(227, 'Parroquia Puerto de Nutrias', 65),
	(228, 'Parroquia Santa Catalina', 65),
	(229, 'Parroquia El Cantón', 66),
	(230, 'Parroquia Santa Cruz de Guacas', 66),
	(231, 'Parroquia Puerto Vivas', 66),
	(232, 'Parroquia Cachamay', 67),
	(233, 'Parroquia Chirica', 67),
	(234, 'Parroquia Dalla Costa', 67),
	(235, 'Parroquia Once de Abril', 67),
	(236, 'Parroquia Simón Bolívar', 67),
	(237, 'Parroquia Unare', 67),
	(238, 'Parroquia Universidad', 67),
	(239, 'Parroquia Vista al Sol', 67),
	(240, 'Parroquia Pozo Verde', 67),
	(241, 'Parroquia Yocoima', 67),
	(242, 'Sección Capital Cedeño', 68),
	(243, 'Parroquia Altagracia', 68),
	(244, 'Parroquia Ascensión Farreras', 68),
	(245, 'Parroquia Guaniamo', 68),
	(246, 'Parroquia La Urbana', 68),
	(247, 'Parroquia Pijiguaos', 68),
	(248, 'Parroquia Capital El Callao', 69),
	(249, 'Sección Capital Gran Sabana', 70),
	(250, 'Parroquia Ikabarú', 70),
	(251, 'Parroquia Agua Salada', 71),
	(252, 'Parroquia Catedral', 71),
	(253, 'Parroquia José Antonio Páez', 71),
	(254, 'Parroquia La Sabanita', 71),
	(255, 'Parroquia Marhuanta', 71),
	(256, 'Parroquia Vista Hermosa', 71),
	(257, 'Parroquia Orinoco', 71),
	(258, 'Parroquia Panapana', 71),
	(259, 'Parroquia Zea', 71),
	(260, 'Sección Capital Piar', 72),
	(261, 'Parroquia Andrés Eloy Blanco', 72),
	(262, 'Parroquia Pedro Cova', 72),
	(263, 'Sección Capital Raúl Leoni', 73),
	(264, 'Parroquia Barceloneta', 73),
	(265, 'Parroquia San Francisco', 73),
	(266, 'Parroquia Santa Bárbara', 73),
	(267, 'Sección Capital Roscio', 74),
	(268, 'Parroquia Salom', 74),
	(269, 'Sección Capital Sifontes', 75),
	(270, 'Parroquia Dalla Costa', 75),
	(271, 'Parroquia San Isidro', 75),
	(272, 'Sección Capital Sucre', 76),
	(273, 'Parroquia Aripao', 76),
	(274, 'Parroquia Guarataro', 76),
	(275, 'Parroquia Las Majadas', 76),
	(276, 'Parroquia Moitaco', 76),
	(277, 'Parroquia Capital Padre Pedro Chien', 77),
	(278, 'Parroquia Urbana Bejuma', 78),
	(279, 'Parroquia No Urbana Canoabo', 78),
	(280, 'Parroquia No Urbana Simón Bolívar', 78),
	(281, 'Parroquia Urbana Güigüe', 79),
	(282, 'Parroquia No Urbana Belén', 79),
	(283, 'Parroquia No Urbana Tacarigua', 79),
	(284, 'Parroquia Urbana Aguas Calientes', 80),
	(285, 'Parroquia Urbana Mariara', 80),
	(286, 'Parroquia Urbana Ciudad Alianza', 81),
	(287, 'Parroquia Urbana Guacara', 81),
	(288, 'Parroquia No Urbana Yagua', 81),
	(289, 'Parroquia Urbana Morón', 82),
	(290, 'Parroquia No Urbana Urama', 82),
	(291, 'Parroquia Urbana Tocuyito', 83),
	(292, 'Parroquia Urbana Independencia', 83),
	(293, 'Parroquia Urbana Los Guayos', 84),
	(294, 'Parroquia Urbana Miranda', 85),
	(295, 'Parroquia Urbana Montalbán', 86),
	(296, 'Parroquia Urbana Naguanagua', 87),
	(297, 'Parroquia Urbana Bartolomé Salom', 88),
	(298, 'Parroquia Urbana Democracia', 88),
	(299, 'Parroquia Urbana Fraternidad', 88),
	(300, 'Parroquia Urbana Goaigoaza', 88),
	(301, 'Parroquia Urbana Juan José Flores', 88),
	(302, 'Parroquia Urbana Unión', 88),
	(303, 'Parroquia No Urbana Borburata', 88),
	(304, 'Parroquia No Urbana Patanemo', 88),
	(305, 'Parroquia Urbana San Diego', 89),
	(306, 'Parroquia Urbana San Joaquín', 90),
	(307, 'Parroquia Urbana Candelaria', 91),
	(308, 'Parroquia Urbana Catedral', 91),
	(309, 'Parroquia Urbana El Socorro', 91),
	(310, 'Parroquia Urbana Miguel Peña', 91),
	(311, 'Parroquia Urbana Rafael Urdaneta', 91),
	(312, 'Parroquia Urbana San Blas', 91),
	(313, 'Parroquia Urbana San José', 91),
	(314, 'Parroquia Urbana Santa Rosa', 91),
	(315, 'Parroquia No Urbana Negro Primero', 91),
	(316, 'Parroquia Cojedes', 92),
	(317, 'Parroquia Juan de Mata Suárez', 92),
	(318, 'Parroquia Tinaquillo', 93),
	(319, 'Parroquia El Baúl', 94),
	(320, 'Parroquia Sucre', 94),
	(321, 'Parroquia Macapo', 95),
	(322, 'Parroquia La Aguadita', 95),
	(323, 'Parroquia El Pao', 96),
	(324, 'Parroquia Libertad de Cojedes', 97),
	(325, 'Parroquia El Amparo', 97),
	(326, 'Parroquia Rómulo Gallegos', 98),
	(327, 'Parroquia San Carlos de Austria', 99),
	(328, 'Parroquia Juan Angel Bravo', 99),
	(329, 'Parroquia Manuel Manrique', 99),
	(330, 'Parroquia General en Jefe José Laurencio Silva', 100),
	(331, 'Parroquia Curiapo', 101),
	(332, 'Parroquia Almirante Luis Brión', 101),
	(333, 'Parroquia Francisco Aniceto Lugo', 101),
	(334, 'Parroquia Manuel Renaud', 101),
	(335, 'Parroquia Padre Barral', 101),
	(336, 'Parroquia Santos de Abelgas', 101),
	(337, 'Parroquia Imataca', 102),
	(338, 'Parroquia Cinco de Julio', 102),
	(339, 'Parroquia Juan Bautista Arismendi', 102),
	(340, 'Parroquia Manuel Piar', 102),
	(341, 'Parroquia Rómulo Gallegos', 102),
	(342, 'Parroquia Pedernales', 103),
	(343, 'Parroquia Luis Beltrán Prieto Figueroa', 103),
	(344, 'Parroquia San José', 104),
	(345, 'Parroquia José Vidal Marcano', 104),
	(346, 'Parroquia Juan Millán', 104),
	(347, 'Parroquia Leonardo Ruíz Pineda', 104),
	(348, 'Parroquia Mariscal Antonio José de Sucre', 104),
	(349, 'Parroquia Monseñor Argimiro García', 104),
	(350, 'Parroquia San Rafael', 104),
	(351, 'Parroquia Virgen del Valle', 104),
	(352, 'Parroquia San Juan de los Cayos', 105),
	(353, 'Parroquia Capadare', 105),
	(354, 'Parroquia La Pastora', 105),
	(355, 'Parroquia Libertador', 105),
	(356, 'Parroquia San Luis', 106),
	(357, 'Parroquia Aracua', 106),
	(358, 'Parroquia La Peña', 106),
	(359, 'Parroquia Capatárida', 107),
	(360, 'Parroquia Bariro', 107),
	(361, 'Parroquia Borojó', 107),
	(362, 'Parroquia Guajiro', 107),
	(363, 'Parroquia Seque', 107),
	(364, 'Parroquia Zazárida', 107),
	(365, 'Parroquia Capital Cacique Manaure', 108),
	(366, 'Parroquia Carirubana', 109),
	(367, 'Parroquia Norte', 109),
	(368, 'Parroquia Punta Cardón', 109),
	(369, 'Parroquia Santa Ana', 109),
	(370, 'Parroquia La Vela de Coro', 110),
	(371, 'Parroquia Acurigua', 110),
	(372, 'Parroquia Guaibacoa', 110),
	(373, 'Parroquia Las Calderas', 110),
	(374, 'Parroquia Macoruca', 110),
	(375, 'Parroquia Capital Dabarujo', 111),
	(376, 'Parroquia Pedregal', 112),
	(377, 'Parroquia Agua Clara', 112),
	(378, 'Parroquia Avaria', 112),
	(379, 'Parroquia Piedra Grande', 112),
	(380, 'Parroquia Purureche', 112),
	(381, 'Parroquia Pueblo Nuevo', 113),
	(382, 'Parroquia Adícora', 113),
	(383, 'Parroquia Baraived', 113),
	(384, 'Parroquia Buena Vista', 113),
	(385, 'Parroquia Jadacaquiva', 113),
	(386, 'Parroquia Moruy', 113),
	(387, 'Parroquia Adaure', 113),
	(388, 'Parroquia El Hato', 113),
	(389, 'Parroquia El Vínculo', 113),
	(390, 'Parroquia Churuguara', 114),
	(391, 'Parroquia Agua Larga', 114),
	(392, 'Parroquia El Paují', 114),
	(393, 'Parroquia Independencia', 114),
	(394, 'Parroquia Mapararí', 114),
	(395, 'Parroquia Jacura', 115),
	(396, 'Parroquia Agua Linda', 115),
	(397, 'Parroquia Araurima', 115),
	(398, 'Parroquia Los Taques', 116),
	(399, 'Parroquia Judibana', 116),
	(400, 'Parroquia Mene de Mauroa', 117),
	(401, 'Parroquia Casigua', 117),
	(402, 'Parroquia San Félix', 117),
	(403, 'Parroquia San Antonio', 118),
	(404, 'Parroquia San Gabriel', 118),
	(405, 'Parroquia Santa Ana', 118),
	(406, 'Parroquia Guzmán Guillermo', 118),
	(407, 'Parroquia Mitare', 118),
	(408, 'Parroquia Río Seco', 118),
	(409, 'Parroquia Sabaneta', 118),
	(410, 'Parroquia Chichiriviche', 119),
	(411, 'Parroquia Boca de Tocuyo', 119),
	(412, 'Parroquia Tocuyo de la Costa', 119),
	(413, 'Parroquia Capital Palmasola', 120),
	(414, 'Parroquia Cabure', 121),
	(415, 'Parroquia Colina', 121),
	(416, 'Parroquia Curimagua', 121),
	(417, 'Parroquia Píritu', 122),
	(418, 'Parroquia San José de la Costa', 122),
	(419, 'Parroquia Capital San Francisco', 123),
	(420, 'Parroquia Tucacas', 124),
	(421, 'Parroquia Boca de Aroa', 124),
	(422, 'Parroquia Sucre', 125),
	(423, 'Parroquia Pecaya', 125),
	(424, 'Parroquia Capital Tocópero ', 126),
	(425, 'Parroquia Santa Cruz de Bucaral', 127),
	(426, 'Parroquia El Charal', 127),
	(427, 'Parroquia Las Vegas del Tuy', 127),
	(428, 'Parroquia Urumaco', 128),
	(429, 'Parroquia Bruzual', 128),
	(430, 'Parroquia Puerto Cumarebo', 129),
	(431, 'Parroquia La Ciénaga', 129),
	(432, 'Parroquia La Soledad', 129),
	(433, 'Parroquia Pueblo Cumarebo', 129),
	(434, 'Parroquia Zazárida', 129),
	(435, 'Parroquia Capital Camaguán', 130),
	(436, 'Parroquia Puerto Miranda', 130),
	(437, 'Parroquia Uverito', 130),
	(438, 'Parroquia Chaguaramas', 131),
	(439, 'Parroquia El Socorro', 132),
	(440, 'Parroquia Capital San Gerónimo de Guayabal', 133),
	(441, 'Parroquia Cazorla', 133),
	(442, 'Parroquia Capital Valle de La Pascua', 134),
	(443, 'Parroquia Espino', 134),
	(444, 'Parroquia Capital Las Mercedes', 135),
	(445, 'Parroquia Cabruta', 135),
	(446, 'Parroquia Santa Rita de Manapire', 135),
	(447, 'Parroquia Capital El Sombrero', 136),
	(448, 'Parroquia Sosa', 136),
	(449, 'Parroquia Capital Calabozo', 137),
	(450, 'Parroquia El Calvario', 137),
	(451, 'Parroquia El Rastro', 137),
	(452, 'Parroquia Guardatinajas', 137),
	(453, 'Parroquia Capital Altagracia de Orituco', 138),
	(454, 'Parroquia Lezama', 138),
	(455, 'Parroquia Libertad de Orituco', 138),
	(456, 'Parroquia Paso Real de Macaira', 138),
	(457, 'Parroquia San Francisco de Macaira', 138),
	(458, 'Parroquia San Rafael de Orituco', 138),
	(459, 'Parroquia Soublette', 138),
	(460, 'Parroquia Capital Ortiz', 139),
	(461, 'Parroquia San Francisco de Tiznados', 139),
	(462, 'Parroquia San José de Tiznados', 139),
	(463, 'Parroquia San Lorenzo de Tiznados', 139),
	(464, 'Parroquia Capital Tucupido', 140),
	(465, 'Parroquia San Rafael de Laya', 140),
	(466, 'Parroquia Capital San Juan de Los Morros', 141),
	(467, 'Parroquia Cantagallo', 141),
	(468, 'Parroquia Parapara', 141),
	(469, 'Parroquia San José de Guaribe', 142),
	(470, 'Parroquia Capital Santa María de Ipire', 143),
	(471, 'Parroquia Altamira', 143),
	(472, 'Parroquia Capital Zaraza', 144),
	(473, 'Parroquia San José de Unare', 144),
	(474, 'Parroquia Pío Tamayo', 145),
	(475, 'Parroquia Quebrada Honda de Guache', 145),
	(476, 'Parroquia Yacambú', 145),
	(477, 'Parroquia Fréitez', 146),
	(478, 'Parroquia José María Blanco', 146),
	(479, 'Parroquia Catedral', 147),
	(480, 'Parroquia Concepción', 147),
	(481, 'Parroquia El Cují', 147),
	(482, 'Parroquia Juan de Villegas', 147),
	(483, 'Parroquia Santa Rosa', 147),
	(484, 'Parroquia Tamaca', 147),
	(485, 'Parroquia Unión', 147),
	(486, 'Parroquia Aguedo Felipe Alvarado', 147),
	(487, 'Parroquia Buena Vista', 147),
	(488, 'Parroquia Juárez', 147),
	(489, 'Parroquia Juan Bautista Rodríguez', 148),
	(490, 'Parroquia Cuara', 148),
	(491, 'Parroquia Diego de Lozada', 148),
	(492, 'Parroquia Paraíso de San José', 148),
	(493, 'Parroquia San Miguel', 148),
	(494, 'Parroquia Tintorero', 148),
	(495, 'Parroquia José Bernardo Dorante', 148),
	(496, 'Parroquia Coronel Mariano Peraza', 148),
	(497, 'Parroquia Bolívar', 149),
	(498, 'Parroquia Anzoátegui', 149),
	(499, 'Parroquia Guarico', 149),
	(500, 'Parroquia Hilario Luna y Luna', 149),
	(501, 'Parroquia Humocaro Alto', 149),
	(502, 'Parroquia Humocaro Bajo', 149),
	(503, 'Parroquia La Candelaria', 149),
	(504, 'Parroquia Morán', 149),
	(505, 'Parroquia Cabudare', 150),
	(506, 'Parroquia José Gregorio Bastidas', 150),
	(507, 'Parroquia Agua Viva', 150),
	(508, 'Parroquia Sarare', 151),
	(509, 'Parroquia Buría', 151),
	(510, 'Parroquia Gustavo Vegas León', 151),
	(511, 'Parroquia Trinidad Samuel', 152),
	(512, 'Parroquia Antonio Díaz', 152),
	(513, 'Parroquia Camacaro', 152),
	(514, 'Parroquia Castañeda', 152),
	(515, 'Parroquia Cecilio Zubillaga', 152),
	(516, 'Parroquia Chiquinquirá', 152),
	(517, 'Parroquia El Blanco', 152),
	(518, 'Parroquia Espinoza de los Monteros', 152),
	(519, 'Parroquia Lara', 152),
	(520, 'Parroquia Las Mercedes', 152),
	(521, 'Parroquia Manuel Morillo', 152),
	(522, 'Parroquia Montaña Verde', 152),
	(523, 'Parroquia Montes de Oca', 152),
	(524, 'Parroquia Torres', 152),
	(525, 'Parroquia Heriberto Arroyo', 152),
	(526, 'Parroquia Reyes Vargas', 152),
	(527, 'Parroquia Altagracia', 152),
	(528, 'Parroquia Siquisique', 153),
	(529, 'Parroquia Moroturo', 153),
	(530, 'Parroquia San Miguel', 153),
	(531, 'Parroquia Xaguas', 153),
	(532, 'Parroquia Presidente Betancourt ', 154),
	(533, 'Parroquia Presidente Páez  ', 154),
	(534, 'Parroquia Presidente Rómulo Gallegos ', 154),
	(535, 'Parroquia Gabriel Picón González', 154),
	(536, 'Parroquia Héctor Amable Mora', 154),
	(537, 'Parroquia José Nucete Sardi ', 154),
	(538, 'Parroquia Pulido Méndez ', 154),
	(539, 'Parroquia Capital Andrés Bello', 155),
	(540, 'Parroquia Capital Antonio Pinto Salinas ', 156),
	(541, 'Parroquia Mesa Bolívar', 156),
	(542, 'Parroquia Mesa de Las Palmas', 156),
	(543, 'Parroquia Capital Aricagua ', 157),
	(544, 'Parroquia San Antonio ', 157),
	(545, 'Parroquia Capital Arzobispo Chacón', 158),
	(546, 'Parroquia Capurí ', 158),
	(547, 'Parroquia Chacantá ', 158),
	(548, 'Parroquia El Molino ', 158),
	(549, 'Parroquia Guaimaral ', 158),
	(550, 'Parroquia Mucutuy', 158),
	(551, 'Parroquia Mucuchachí', 158),
	(552, 'Parroquia Fernández Peña ', 159),
	(553, 'Parroquia Matriz', 159),
	(554, 'Parroquia Montalbán', 159),
	(555, 'Parroquia Acequias', 159),
	(556, 'Parroquia Jají', 159),
	(557, 'Parroquia La Mesa', 159),
	(558, 'Parroquia San José del Sur', 159),
	(559, 'Parroquia Capital Caracciolo Parra Olmedo ', 160),
	(560, 'Parroquia Florencio Ramírez ', 160),
	(561, 'Parroquia Capital Cardenal Quintero ', 161),
	(562, 'Parroquia Las Piedras', 161),
	(563, 'Parroquia Capital Guaraque ', 162),
	(564, 'Parroquia Mesa de Quintero ', 162),
	(565, 'Parroquia Río Negro ', 162),
	(566, 'Parroquia Capital Julio César Salas ', 163),
	(567, 'Parroquia Palmira ', 163),
	(568, 'Parroquia Capital Justo Briceño ', 164),
	(569, 'Parroquia San Cristóbal de Torondoy', 164),
	(570, 'Parroquia Antonio Spinetti Dini ', 165),
	(571, 'Parroquia Arias', 165),
	(572, 'Parroquia Caracciolo Parra Pérez ', 165),
	(573, 'Parroquia Domingo Peña ', 165),
	(574, 'Parroquia El Llano', 165),
	(575, 'Parroquia Gonzalo Picón Febres ', 165),
	(576, 'Parroquia Jacinto Plaza ', 165),
	(577, 'Parroquia Juan Rodríguez Suárez', 165),
	(578, 'Parroquia Lasso de la Vega ', 165),
	(579, 'Parroquia Mariano Picón Salas ', 165),
	(580, 'Parroquia Milla', 165),
	(581, 'Parroquia Osuna Rodríguez ', 165),
	(582, 'Parroquia Sagrario', 165),
	(583, 'Parroquia El Morro', 165),
	(584, 'Parroquia Los Nevados', 165),
	(585, 'Parroquia Capital Miranda ', 166),
	(586, 'Parroquia Andrés Eloy Blanco', 166),
	(587, 'Parroquia La Venta', 166),
	(588, 'Parroquia Piñango ', 166),
	(589, 'Parroquia Capital Obispo Ramos de Lora ', 167),
	(590, 'Parroquia Eloy Paredes', 167),
	(591, 'Parroquia San Rafael de Alcázar', 167),
	(592, 'Parroquia Capital Padre Noguera', 168),
	(593, 'Parroquia Capital Pueblo Llano', 169),
	(594, 'Parroquia Capital Rangel ', 170),
	(595, 'Parroquia Cacute ', 170),
	(596, 'Parroquia La Toma', 170),
	(597, 'Parroquia Mucurubá', 170),
	(598, 'Parroquia San Rafael', 170),
	(599, 'Parroquia Capital Rivas Dávila ', 171),
	(600, 'Parroquia Gerónimo Maldonado', 171),
	(601, 'Parroquia Capital Santos Marquina ', 172),
	(602, 'Parroquia Capital Sucre ', 173),
	(603, 'Parroquia Chiguará', 173),
	(604, 'Parroquia Estánquez', 173),
	(605, 'Parroquia La Trampa', 173),
	(606, 'Parroquia Pueblo Nuevo del Sur ', 173),
	(607, 'Parroquia San Juan', 173),
	(608, 'Parroquia El Amparo', 174),
	(609, 'Parroquia El Llano', 174),
	(610, 'Parroquia San Francisco', 174),
	(611, 'Parroquia Tovar', 174),
	(612, 'Parroquia Capital Tulio Febres Cordero ', 175),
	(613, 'Parroquia Independencia', 175),
	(614, 'Parroquia María de la Concepción Palacios Blanco', 175),
	(615, 'Parroquia Santa Apolonia', 175),
	(616, 'Parroquia Capital Zea ', 176),
	(617, 'Parroquia Caño El Tigre', 176),
	(618, 'Parroquia Caucagua', 177),
	(619, 'Parroquia Aragüita', 177),
	(620, 'Parroquia Arévalo González', 177),
	(621, 'Parroquia Capaya', 177),
	(622, 'Parroquia El Café', 177),
	(623, 'Parroquia Marizapa', 177),
	(624, 'Parroquia Panaquire', 177),
	(625, 'Parroquia Ribas', 177),
	(626, 'Parroquia San José de Barlovento', 178),
	(627, 'Parroquia Cumbo', 178),
	(628, 'Parroquia Baruta', 179),
	(629, 'Parroquia El Cafetal', 179),
	(630, 'Parroquia Las Minas de Baruta', 179),
	(631, 'Parroquia Higuerote', 180),
	(632, 'Parroquia Curiepe', 180),
	(633, 'Parroquia Tacarigua', 180),
	(634, 'Parroquia Mamporal', 181),
	(635, 'Parroquia Carrizal', 182),
	(636, 'Parroquia Chacao', 183),
	(637, 'Parroquia Charallave', 184),
	(638, 'Parroquia Las Brisas', 184),
	(639, 'Parroquia El Hatillo', 185),
	(640, 'Parroquia Los Teques', 186),
	(641, 'Parroquia Altagracia de La Montaña', 186),
	(642, 'Parroquia Cecilio Acosta', 186),
	(643, 'Parroquia El Jarillo', 186),
	(644, 'Parroquia Paracotos', 186),
	(645, 'Parroquia San Pedro', 186),
	(646, 'Parroquia Tácata', 186),
	(647, 'Parroquia Santa Teresa del Tuy', 187),
	(648, 'Parroquia El Cartanal', 187),
	(649, 'Parroquia Ocumare del Tuy', 188),
	(650, 'Parroquia La Democracia', 188),
	(651, 'Parroquia Santa Bárbara', 188),
	(652, 'Parroquia San Antonio de Los Altos', 189),
	(653, 'Parroquia Río Chico', 190),
	(654, 'Parroquia El Guapo', 190),
	(655, 'Parroquia Tacarigua de La Laguna', 190),
	(656, 'Parroquia Paparo', 190),
	(657, 'Parroquia San Fernando del Guapo', 190),
	(658, 'Parroquia Santa Lucía', 191),
	(659, 'Parroquia Cúpira', 192),
	(660, 'Parroquia Machurucuto', 192),
	(661, 'Parroquia Guarenas', 193),
	(662, 'Parroquia San Francisco de Yare', 194),
	(663, 'Parroquia San Antonio de Yare', 194),
	(664, 'Parroquia Petare', 195),
	(665, 'Parroquia Caucagüita', 195),
	(666, 'Parroquia Fila de Mariches', 195),
	(667, 'Parroquia La Dolorita', 195),
	(668, 'Parroquia Leoncio Martínez', 195),
	(669, 'Parroquia Cúa', 196),
	(670, 'Parroquia Nueva Cúa', 196),
	(671, 'Parroquia Guatire', 197),
	(672, 'Parroquia Bolívar', 197),
	(673, 'Parroquia Capital Acosta', 198),
	(674, 'Parroquia San Francisco', 198),
	(675, 'Parroquia Capital Aguasay', 199),
	(676, 'Parroquia Capital Bolívar', 200),
	(677, 'Parroquia Capital Caripe', 201),
	(678, 'Parroquia El Guácharo', 201),
	(679, 'Parroquia La Guanota', 201),
	(680, 'Parroquia Sabana de Piedra', 201),
	(681, 'Parroquia San Agustín', 201),
	(682, 'Parroquia Teresén', 201),
	(683, 'Parroquia Capital Cedeño', 202),
	(684, 'Parroquia Areo', 202),
	(685, 'Parroquia San Félix', 202),
	(686, 'Parroquia Viento Fresco', 202),
	(687, 'Parroquia Capital Ezequiel Zamora', 203),
	(688, 'Parroquia El Tejero', 203),
	(689, 'Parroquia Capital Libertador', 204),
	(690, 'Parroquia Chaguaramas', 204),
	(691, 'Parroquia Las Alhuacas', 204),
	(692, 'Parroquia Tabasca', 204),
	(693, 'Parroquia Capital Maturín', 205),
	(694, 'Parroquia Alto de los Godos', 205),
	(695, 'Parroquia Boquerón', 205),
	(696, 'Parroquia Las Cocuizas', 205),
	(697, 'Parroquia San Simón', 205),
	(698, 'Parroquia Santa Cruz', 205),
	(699, 'Parroquia El Corozo', 205),
	(700, 'Parroquia El Furrial', 205),
	(701, 'Parroquia Jusepín', 205),
	(702, 'Parroquia La Pica', 205),
	(703, 'Parroquia San Vicente', 205),
	(704, 'Parroquia Capital Piar', 206),
	(705, 'Parroquia Aparicio', 206),
	(706, 'Parroquia Chaguaramal', 206),
	(707, 'Parroquia El Pinto', 206),
	(708, 'Parroquia Guanaguana', 206),
	(709, 'Parroquia La Toscana', 206),
	(710, 'Parroquia Taguaya', 206),
	(711, 'Parroquia Capital Punceres', 207),
	(712, 'Parroquia Cachipo', 207),
	(713, 'Parroquia Capital Santa Bárbara', 208),
	(714, 'Parroquia Capital Sotillo', 209),
	(715, 'Parroquia Los Barrancos de Fajardo', 209),
	(716, 'Parroquia Capital Uracoa', 210),
	(717, 'Parroquia Capital Antolín del Campo', 211),
	(718, 'Parroquia Capital Arismendi', 212),
	(719, 'Parroquia Capital Díaz', 213),
	(720, 'Parroquia Zabala', 213),
	(721, 'Parroquia Capital García', 214),
	(722, 'Parroquia Francisco Fajardo', 214),
	(723, 'Parroquia Capital Gómez', 215),
	(724, 'Parroquia Bolívar', 215),
	(725, 'Parroquia Guevara', 215),
	(726, 'Parroquia Matasiete', 215),
	(727, 'Parroquia Sucre', 215),
	(728, 'Parroquia Capital Maneiro', 216),
	(729, 'Parroquia Aguirre', 216),
	(730, 'Parroquia Capital Marcano', 217),
	(731, 'Parroquia Adrián', 217),
	(732, 'Parroquia Capital Mariño', 218),
	(733, 'Parroquia Capital Península de Macanao', 219),
	(734, 'Parroquia San Francisco', 219),
	(735, 'Parroquia Capital Tubores', 220),
	(736, 'Parroquia Los Barales', 220),
	(737, 'Parroquia Capital Villalba', 221),
	(738, 'Parroquia Vicente Fuentes', 221),
	(739, 'Parroquia Capital Agua Blanca ', 222),
	(740, 'Parroquia Capital Araure ', 223),
	(741, 'Parroquia Río Acarigua', 223),
	(742, 'Parroquia Capital Esteller ', 224),
	(743, 'Parroquia Uveral', 224),
	(744, 'Parroquia Capital Guanare', 225),
	(745, 'Parroquia Córdoba', 225),
	(746, 'Parroquia San José de la Montaña', 225),
	(747, 'Parroquia San Juan de Guanaguanare', 225),
	(748, 'Parroquia Virgen de la Coromoto', 225),
	(749, 'Parroquia Capital Guanarito ', 226),
	(750, 'Parroquia Trinidad de la Capilla', 226),
	(751, 'Parroquia Divina Pastora', 226),
	(752, 'Parroquia Capital Monseñor José Vicente de Unda ', 227),
	(753, 'Parroquia Peña Blanca', 227),
	(754, 'Parroquia Capital Ospino ', 228),
	(755, 'Parroquia Aparición', 228),
	(756, 'Parroquia La Estación', 228),
	(757, 'Parroquia Capital Páez ', 229),
	(758, 'Parroquia Payara', 229),
	(759, 'Parroquia Pimpinela', 229),
	(760, 'Parroquia Ramón Peraza', 229),
	(761, 'Parroquia Capital Papelón ', 230),
	(762, 'Parroquia Caño Delgadito', 230),
	(763, 'Parroquia Capital San Genaro de Boconoito ', 231),
	(764, 'Parroquia Antolín Tovar', 231),
	(765, 'Parroquia Capital San Rafael de Onoto', 232),
	(766, 'Parroquia Santa Fe', 232),
	(767, 'Parroquia Thermo Morles', 232),
	(768, 'Parroquia Capital Santa Rosalía ', 233),
	(769, 'Parroquia Florida', 233),
	(770, 'Parroquia Capital Sucre ', 234),
	(771, 'Parroquia Concepción', 234),
	(772, 'Parroquia San Rafael de Palo Alzado', 234),
	(773, 'Parroquia Uvencio Antonio Velásquez', 234),
	(774, 'Parroquia San José de Saguaz', 234),
	(775, 'Parroquia Villa Rosa', 234),
	(776, 'Parroquia Capital Turén', 235),
	(777, 'Parroquia Canelones', 235),
	(778, 'Parroquia Santa Cruz', 235),
	(779, 'Parroquia San Isidro Labrador', 235),
	(780, 'Parroquia Mariño', 236),
	(781, 'Parroquia Rómulo Gallegos', 236),
	(782, 'Parroquia San José de Aerocuar', 237),
	(783, 'Parroquia Tavera Acosta', 237),
	(784, 'Parroquia Río Caribe', 238),
	(785, 'Parroquia Antonio José de Sucre', 238),
	(786, 'Parroquia El Morro de Puerto Santo', 238),
	(787, 'Parroquia Puerto Santo', 238),
	(788, 'Parroquia San Juan de Las Galdonas', 238),
	(789, 'Parroquia El Pilar', 239),
	(790, 'Parroquia El Rincón', 239),
	(791, 'Parroquia General Francisco Antonio Vásquez', 239),
	(792, 'Parroquia Guaraúnos', 239),
	(793, 'Parroquia Tunapuicito', 239),
	(794, 'Parroquia Unión', 239),
	(795, 'Parroquia Bolívar ', 240),
	(796, 'Parroquia Macarapana', 240),
	(797, 'Parroquia Santa Catalina', 240),
	(798, 'Parroquia Santa Rosa', 240),
	(799, 'Parroquia Santa Teresa', 240),
	(800, 'Parroquia Capital Bolívar', 241),
	(801, 'Parroquia Yaguaraparo', 242),
	(802, 'Parroquia El Paujil', 242),
	(803, 'Parroquia Libertad', 242),
	(804, 'Parroquia Araya', 243),
	(805, 'Parroquia Chacopata', 243),
	(806, 'Parroquia Manicuare', 243),
	(807, 'Parroquia Tunapuy', 244),
	(808, 'Parroquia Campo Elías', 244),
	(809, 'Parroquia Irapa', 245),
	(810, 'Parroquia Campo Claro', 245),
	(811, 'Parroquia Marabal', 245),
	(812, 'Parroquia San Antonio de Irapa', 245),
	(813, 'Parroquia Soro', 245),
	(814, 'Parroquia Capital Mejía', 246),
	(815, 'Parroquia Cumanacoa', 247),
	(816, 'Parroquia Arenas', 247),
	(817, 'Parroquia Aricagua', 247),
	(818, 'Parroquia Cocollar', 247),
	(819, 'Parroquia San Fernando', 247),
	(820, 'Parroquia San Lorenzo', 247),
	(821, 'Parroquia Villa Frontado (Muelle de Cariaco)', 248),
	(822, 'Parroquia Catuaro', 248),
	(823, 'Parroquia Rendón', 248),
	(824, 'Parroquia Santa Cruz', 248),
	(825, 'Parroquia Santa María', 248),
	(826, 'Parroquia Altagracia', 249),
	(827, 'Parroquia Ayacucho', 249),
	(828, 'Parroquia Santa Inés', 249),
	(829, 'Parroquia Valentín Valiente', 249),
	(830, 'Parroquia San Juan', 249),
	(831, 'Parroquia Raúl Leoni', 249),
	(832, 'Parroquia Gran Mariscal ', 249),
	(833, 'Parroquia Güiria', 250),
	(834, 'Parroquia Bideau', 250),
	(835, 'Parroquia Cristóbal Colón', 250),
	(836, 'Parroquia Punta de Piedras', 250),
	(837, 'Parroquia Capital Andrés Bello ', 251),
	(838, 'Parroquia Antonio Rómulo Costa', 252),
	(839, 'Parroquia Ayacucho ', 253),
	(840, 'Parroquia Rivas Berti', 253),
	(841, 'Parroquia San Pedro del Río', 253),
	(842, 'Parroquia Bolívar', 254),
	(843, 'Parroquia Palotal', 254),
	(844, 'Parroquia Juan Vicente Gómez', 254),
	(845, 'Parroquia Isaías Medina Angarita', 254),
	(846, 'Parroquia Cárdenas ', 255),
	(847, 'Parroquia Amenodoro Rangel Lamús', 255),
	(848, 'Parroquia La Florida', 255),
	(849, 'Parroquia Capital Córdoba', 256),
	(850, 'Parroquia Fernández Feo ', 257),
	(851, 'Parroquia Alberto Adriani', 257),
	(852, 'Parroquia Santo Domingo', 257),
	(853, 'Parroquia Capital Francisco de Miranda', 258),
	(854, 'Parroquia Capital García de Hevia ', 259),
	(855, 'Parroquia Boca de Grita', 259),
	(856, 'Parroquia José Antonio Páez', 259),
	(857, 'Parroquia Capital Guásimos', 260),
	(858, 'Parroquia Independencia ', 261),
	(859, 'Parroquia Juan Germán Roscio ', 261),
	(860, 'Parroquia Román Cárdenas', 261),
	(861, 'Parroquia Jáuregui ', 262),
	(862, 'Parroquia Emilio Constantino Guerrero', 262),
	(863, 'Parroquia Monseñor Miguel Antonio Salas', 262),
	(864, 'Parroquia Capital José María Vargas', 263),
	(865, 'Parroquia Junín ', 264),
	(866, 'Parroquia La Petrólea', 264),
	(867, 'Parroquia Quinimarí', 264),
	(868, 'Parroquia Bramón', 264),
	(869, 'Parroquia Libertad ', 265),
	(870, 'Parroquia Cipriano Castro', 265),
	(871, 'Parroquia Manuel Felipe Rugeles', 265),
	(872, 'Parroquia Libertador ', 266),
	(873, 'Parroquia Emeterio Ochoa', 266),
	(874, 'Parroquia Doradas', 266),
	(875, 'Parroquia San Joaquín de Navay', 266),
	(876, 'Parroquia Lobatera ', 267),
	(877, 'Parroquia Constitución', 267),
	(878, 'Parroquia Capital Michelena', 268),
	(879, 'Parroquia Panamericano ', 269),
	(880, 'Parroquia La Palmita', 269),
	(881, 'Parroquia Pedro María Ureña', 270),
	(882, 'Parroquia Nueva Arcadia', 270),
	(883, 'Parroquia Rafael Urdaneta ', 271),
	(884, 'Parroquia Samuel Darío Maldonado ', 272),
	(885, 'Parroquia Boconó', 272),
	(886, 'Parroquia Hernández', 272),
	(887, 'Parroquia La Concordia', 273),
	(888, 'Parroquia Pedro María Morantes', 273),
	(889, 'Parroquia San Juan Bautista', 273),
	(890, 'Parroquia San Sebastián', 273),
	(891, 'Parroquia Dr. Francisco Romero Lobo', 273),
	(892, 'Parroquia Capital Seboruco', 274),
	(893, 'Parroquia Simón Rodríguez ', 275),
	(894, 'Parroquia Sucre ', 276),
	(895, 'Parroquia Eleazar López Contreras', 276),
	(896, 'Parroquia San Pablo', 276),
	(897, 'Parroquia  Torbes ', 277),
	(898, 'Parroquia  Uribante ', 278),
	(899, 'Parroquia Cárdenas', 278),
	(900, 'Parroquia Juan Pablo Peñaloza', 278),
	(901, 'Parroquia Potosí', 278),
	(902, 'Parroquia Capital San Judas Tadeo', 279),
	(903, 'Parroquia Santa Isabel', 280),
	(904, 'Parroquia Araguaney', 280),
	(905, 'Parroquia El Jagüito', 280),
	(906, 'Parroquia La Esperanza', 280),
	(907, 'Parroquia Boconó', 281),
	(908, 'Parroquia El Carmen', 281),
	(909, 'Parroquia Mosquey', 281),
	(910, 'Parroquia Ayacucho', 281),
	(911, 'Parroquia Burbusay', 281),
	(912, 'Parroquia General Rivas', 281),
	(913, 'Parroquia Guaramacal', 281),
	(914, 'Parroquia Vega de Guaramacal', 281),
	(915, 'Parroquia Monseñor Jáuregui', 281),
	(916, 'Parroquia Rafael Rangel', 281),
	(917, 'Parroquia San Miguel', 281),
	(918, 'Parroquia San José', 281),
	(919, 'Parroquia Sabana Grande', 282),
	(920, 'Parroquia Cheregüé ', 282),
	(921, 'Parroquia Granados', 282),
	(922, 'Parroquia Chejendé', 283),
	(923, 'Parroquia Arnoldo Gabaldón', 283),
	(924, 'Parroquia Bolivia', 283),
	(925, 'Parroquia Carrillo', 283),
	(926, 'Parroquia Cegarra', 283),
	(927, 'Parroquia Manuel Salvador Ulloa', 283),
	(928, 'Parroquia San José', 283),
	(929, 'Parroquia Carache', 284),
	(930, 'Parroquia Cuicas', 284),
	(931, 'Parroquia La Concepción', 284),
	(932, 'Parroquia Panamericana', 284),
	(933, 'Parroquia Santa Cruz', 284),
	(934, 'Parroquia Escuque', 285),
	(935, 'Parroquia La Unión', 285),
	(936, 'Parroquia Sabana Libre', 285),
	(937, 'Parroquia Santa Rita', 285),
	(938, 'Parroquia El Socorro', 286),
	(939, 'Parroquia Antonio José de Sucre ', 286),
	(940, 'Parroquia Los Caprichos', 286),
	(941, 'Parroquia Campo Elías', 287),
	(942, 'Parroquia Arnoldo Gabaldón', 287),
	(943, 'Parroquia Santa Apolonia ', 288),
	(944, 'Parroquia El Progreso  ', 288),
	(945, 'Parroquia La Ceiba  ', 288),
	(946, 'Parroquia Tres de Febrero  ', 288),
	(947, 'Parroquia El Dividive', 289),
	(948, 'Parroquia Agua Santa', 289),
	(949, 'Parroquia Agua Caliente', 289),
	(950, 'Parroquia El Cenizo', 289),
	(951, 'Parroquia Valerita ', 289),
	(952, 'Parroquia Monte Carmelo', 290),
	(953, 'Parroquia Buena Vista', 290),
	(954, 'Parroquia Santa María del Horcón ', 290),
	(955, 'Parroquia Motatán', 291),
	(956, 'Parroquia El Baño', 291),
	(957, 'Parroquia Jalisco', 291),
	(958, 'Parroquia Pampán', 292),
	(959, 'Parroquia Flor de Patria', 292),
	(960, 'Parroquia La Paz', 292),
	(961, 'Parroquia Santa Ana', 292),
	(962, 'Parroquia Pampanito ', 293),
	(963, 'Parroquia La Concepción ', 293),
	(964, 'Parroquia Pampanito II ', 293),
	(965, 'Parroquia Betijoque', 294),
	(966, 'Parroquia La Pueblita ', 294),
	(967, 'Parroquia Los Cedros ', 294),
	(968, 'Parroquia José Gregorio Hernández', 294),
	(969, 'Parroquia Carvajal', 295),
	(970, 'Parroquia Antonio Nicolás Briceño', 295),
	(971, 'Parroquia Campo Alegre ', 295),
	(972, 'Parroquia José Leonardo Suárez ', 295),
	(973, 'Parroquia Sabana de Mendoza', 296),
	(974, 'Parroquia El Paraíso', 296),
	(975, 'Parroquia Junín', 296),
	(976, 'Parroquia Valmore Rodríguez ', 296),
	(977, 'Parroquia Andrés Linares', 297),
	(978, 'Parroquia Chiquinquirá', 297),
	(979, 'Parroquia Cristóbal Mendoza', 297),
	(980, 'Parroquia Cruz Carrillo', 297),
	(981, 'Parroquia Matriz', 297),
	(982, 'Parroquia Monseñor Carrillo', 297),
	(983, 'Parroquia Tres Esquinas ', 297),
	(984, 'Parroquia La Quebrada', 298),
	(985, 'Parroquia Cabimbú', 298),
	(986, 'Parroquia Jajó', 298),
	(987, 'Parroquia La Mesa', 298),
	(988, 'Parroquia Santiago', 298),
	(989, 'Parroquia Tuñame', 298),
	(990, 'Parroquia Juan Ignacio Montilla', 299),
	(991, 'Parroquia La Beatriz', 299),
	(992, 'Parroquia Mercedes Díaz', 299),
	(993, 'Parroquia San Luis ', 299),
	(994, 'Parroquia La Puerta', 299),
	(995, 'Parroquia Mendoza', 299),
	(996, 'Parroquia Capital Arístides Bastidas', 300),
	(997, 'Parroquia Capital Bolívar', 301),
	(998, 'Parroquia Capital Bruzual ', 302),
	(999, 'Parroquia Campo Elías', 302),
	(1000, 'Parroquia Capital Cocorote', 303),
	(1001, 'Parroquia Capital Independencia', 304),
	(1002, 'Parroquia Capital José Antonio Páez', 305),
	(1003, 'Parroquia Capital La Trinidad ', 306),
	(1004, 'Parroquia Capital Manuel Monge ', 307),
	(1005, 'Parroquia Capital Nirgua ', 308),
	(1006, 'Parroquia Salom', 308),
	(1007, 'Parroquia Temerla', 308),
	(1008, 'Parroquia Capital Peña ', 309),
	(1009, 'Parroquia San Andrés', 309),
	(1010, 'Parroquia Capital San Felipe ', 310),
	(1011, 'Parroquia Albarico', 310),
	(1012, 'Parroquia San Javier', 310),
	(1013, 'Parroquia Capital Sucre ', 311),
	(1014, 'Parroquia Capital Urachiche', 312),
	(1015, 'Parroquia Capital Veroes ', 313),
	(1016, 'Parroquia El Guayabo', 313),
	(1017, 'Parroquia Isla de Toas', 314),
	(1018, 'Parroquia Monagas', 314),
	(1019, 'Parroquia San Timoteo', 315),
	(1020, 'Parroquia General Urdaneta', 315),
	(1021, 'Parroquia Libertador', 315),
	(1022, 'Parroquia Manuel Guanipa Matos', 315),
	(1023, 'Parroquia Marcelino Briceño', 315),
	(1024, 'Parroquia Pueblo Nuevo ', 315),
	(1025, 'Parroquia Ambrosio', 316),
	(1026, 'Parroquia Carmen Herrera', 316),
	(1027, 'Parroquia Germán Ríos Linares', 316),
	(1028, 'Parroquia La Rosa', 316),
	(1029, 'Parroquia Jorge Hernández', 316),
	(1030, 'Parroquia Rómulo Betancourt ', 316),
	(1031, 'Parroquia San Benito ', 316),
	(1032, 'Parroquia Arístides Calvani ', 316),
	(1033, 'Parroquia Punta Gorda', 316),
	(1034, 'Parroquia Encontrados', 317),
	(1035, 'Parroquia Udón Pérez', 317),
	(1036, 'Parroquia San Carlos del Zulia', 318),
	(1037, 'Parroquia Moralito', 318),
	(1038, 'Parroquia Santa Bárbara ', 318),
	(1039, 'Parroquia Santa Cruz del Zulia', 318),
	(1040, 'Parroquia Urribarri', 318),
	(1041, 'Parroquia Simón Rodríguez ', 319),
	(1042, 'Parroquia Carlos Quevedo ', 319),
	(1043, 'Parroquia Francisco Javier Pulgar ', 319),
	(1044, 'Parroquia La Concepción', 320),
	(1045, 'Parroquia José Ramón Yepes', 320),
	(1046, 'Parroquia Mariano Parra León ', 320),
	(1047, 'Parroquia San José ', 320),
	(1048, 'Parroquia Jesús María Semprún ', 321),
	(1049, 'Parroquia Barí ', 321),
	(1050, 'Parroquia Concepción', 322),
	(1051, 'Parroquia Andrés Bello', 322),
	(1052, 'Parroquia Chiquinquirá', 322),
	(1053, 'Parroquia El Carmelo', 322),
	(1054, 'Parroquia Potreritos', 322),
	(1055, 'Parroquia Alonso de Ojeda', 323),
	(1056, 'Parroquia Libertad ', 323),
	(1057, 'Parroquia Campo Lara', 323),
	(1058, 'Parroquia Eleazar López Contreras', 323),
	(1059, 'Parroquia Venezuela', 323),
	(1060, 'Parroquia Libertad', 324),
	(1061, 'Parroquia Bartolomé de las Casas', 324),
	(1062, 'Parroquia Río Negro ', 324),
	(1063, 'Parroquia San José de Perijá', 324),
	(1064, 'Parroquia San Rafael', 325),
	(1065, 'Parroquia La Sierrita ', 325),
	(1066, 'Parroquia Las Parcelas ', 325),
	(1067, 'Parroquia Luis de Vicente', 325),
	(1068, 'Parroquia Monseñor Marcos Sergio Godoy', 325),
	(1069, 'Parroquia Ricaurte', 325),
	(1070, 'Parroquia Tamare ', 325),
	(1071, 'Parroquia Antonio Borjas Romero ', 326),
	(1072, 'Parroquia Bolívar', 326),
	(1073, 'Parroquia Cacique Mara', 326),
	(1074, 'Parroquia Caracciolo Parra Pérez', 326),
	(1075, 'Parroquia Cecilio Acosta', 326),
	(1076, 'Parroquia Cristo de Aranza', 326),
	(1077, 'Parroquia Coquivacoa', 326),
	(1078, 'Parroquia Chiquinquirá', 326),
	(1079, 'Parroquia Francisco Eugenio Bustamante', 326),
	(1080, 'Parroquia Idelfonso Vásquez', 326),
	(1081, 'Parroquia Juana de Avila', 326),
	(1082, 'Parroquia Luis Hurtado Higuera', 326),
	(1083, 'Parroquia Manuel Dagnino', 326),
	(1084, 'Parroquia Olegario Villalobos', 326),
	(1085, 'Parroquia Raúl Leoni', 326),
	(1086, 'Parroquia Santa Lucía', 326),
	(1087, 'Parroquia Venancio Pulgar ', 326),
	(1088, 'Parroquia San Isidro ', 326),
	(1089, 'Parroquia Altagracia', 327),
	(1090, 'Parroquia Ana María Campos', 327),
	(1091, 'Parroquia Faría', 327),
	(1092, 'Parroquia San Antonio', 327),
	(1093, 'Parroquia San José', 327),
	(1094, 'Parroquia Sinamaica', 328),
	(1095, 'Parroquia Alta Guajira ', 328),
	(1096, 'Parroquia Elías Sánchez Rubio', 328),
	(1097, 'Parroquia Guajira', 328),
	(1098, 'Parroquia El Rosario', 329),
	(1099, 'Parroquia Donaldo García', 329),
	(1100, 'Parroquia Sixto Zambrano', 329),
	(1101, 'Parroquia San Francisco', 330),
	(1102, 'Parroquia El Bajo ', 330),
	(1103, 'Parroquia Domitila Flores ', 330),
	(1104, 'Parroquia Francisco Ochoa', 330),
	(1105, 'Parroquia Los Cortijos ', 330),
	(1106, 'Parroquia Marcial Hernández', 330),
	(1107, 'Parroquia Santa Rita', 331),
	(1108, 'Parroquia El Mene ', 331),
	(1109, 'Parroquia José Cenovio Urribarri ', 331),
	(1110, 'Parroquia Pedro Lucas Urribarri', 331),
	(1111, 'Parroquia Manuel Manrique ', 332),
	(1112, 'Parroquia Rafael María Baralt ', 332),
	(1113, 'Parroquia Rafael Urdaneta ', 332),
	(1114, 'Parroquia Bobures', 333),
	(1115, 'Parroquia El Batey ', 333),
	(1116, 'Parroquia Gibraltar', 333),
	(1117, 'Parroquia Heras', 333),
	(1118, 'Parroquia Monseñor Arturo Celestino Alvarez', 333),
	(1119, 'Parroquia Rómulo Gallegos', 333),
	(1120, 'Parroquia La Victoria', 334),
	(1121, 'Parroquia Rafael Urdaneta ', 334),
	(1122, 'Parroquia Raúl Cuenca', 334),
	(1123, 'Parroquia Caraballeda', 335),
	(1124, 'Parroquia Carayaca', 335),
	(1125, 'Parroquia Caruao', 335),
	(1126, 'Parroquia Catia La Mar', 335),
	(1127, 'Parroquia El Junko', 335),
	(1128, 'Parroquia La Guaira', 335),
	(1129, 'Parroquia Macuto', 335),
	(1130, 'Parroquia Maiquetía', 335),
	(1131, 'Parroquia Naiguatá', 335),
	(1132, 'Parroquia Raúl Leoni ', 335),
	(1133, 'Parroquia Carlos Soublette', 335);
/*!40000 ALTER TABLE `c_parroquia` ENABLE KEYS */;


-- Volcando estructura para tabla ipp.diagnostico
CREATE TABLE IF NOT EXISTS `diagnostico` (
  `diag_codigo` int(11) NOT NULL AUTO_INCREMENT,
  `diag_nombre` varchar(200) COLLATE utf8_bin DEFAULT NULL,
  `diag_descripcion` text COLLATE utf8_bin,
  PRIMARY KEY (`diag_codigo`),
  UNIQUE KEY `diag_nombre` (`diag_nombre`)
) ENGINE=InnoDB DEFAULT CHARSET=utf8 COLLATE=utf8_bin;

-- Volcando datos para la tabla ipp.diagnostico: ~0 rows (aproximadamente)
DELETE FROM `diagnostico`;
/*!40000 ALTER TABLE `diagnostico` DISABLE KEYS */;
/*!40000 ALTER TABLE `diagnostico` ENABLE KEYS */;


-- Volcando estructura para tabla ipp.gen_indemnizacion
CREATE TABLE IF NOT EXISTS `gen_indemnizacion` (
  `in_codigo` int(11) NOT NULL AUTO_INCREMENT,
  `in_descripcion` varchar(50) COLLATE utf8_bin DEFAULT NULL,
  PRIMARY KEY (`in_codigo`),
  UNIQUE KEY `in_descrip` (`in_descripcion`)
) ENGINE=InnoDB AUTO_INCREMENT=1000 DEFAULT CHARSET=utf8 COLLATE=utf8_bin;

-- Volcando datos para la tabla ipp.gen_indemnizacion: ~999 rows (aproximadamente)
DELETE FROM `gen_indemnizacion`;
/*!40000 ALTER TABLE `gen_indemnizacion` DISABLE KEYS */;
INSERT INTO `gen_indemnizacion` (`in_codigo`, `in_descripcion`) VALUES
	(1, '0,1'),
	(2, '0,2'),
	(3, '0,3'),
	(4, '0,4'),
	(5, '0,5'),
	(6, '0,6'),
	(7, '0,7'),
	(8, '0,8'),
	(9, '0,9'),
	(10, '1'),
	(11, '1,1'),
	(12, '1,2'),
	(13, '1,3'),
	(14, '1,4'),
	(15, '1,5'),
	(16, '1,6'),
	(17, '1,7'),
	(18, '1,8'),
	(19, '1,9'),
	(100, '10'),
	(101, '10,1'),
	(102, '10,2'),
	(103, '10,3'),
	(104, '10,4'),
	(105, '10,5'),
	(106, '10,6'),
	(107, '10,7'),
	(108, '10,8'),
	(109, '10,9'),
	(110, '11'),
	(111, '11,1'),
	(112, '11,2'),
	(113, '11,3'),
	(114, '11,4'),
	(115, '11,5'),
	(116, '11,6'),
	(117, '11,7'),
	(118, '11,8'),
	(119, '11,9'),
	(120, '12'),
	(121, '12,1'),
	(122, '12,2'),
	(123, '12,3'),
	(124, '12,4'),
	(125, '12,5'),
	(126, '12,6'),
	(127, '12,7'),
	(128, '12,8'),
	(129, '12,9'),
	(130, '13'),
	(131, '13,1'),
	(132, '13,2'),
	(133, '13,3'),
	(134, '13,4'),
	(135, '13,5'),
	(136, '13,6'),
	(137, '13,7'),
	(138, '13,8'),
	(139, '13,9'),
	(140, '14'),
	(141, '14,1'),
	(142, '14,2'),
	(143, '14,3'),
	(144, '14,4'),
	(145, '14,5'),
	(146, '14,6'),
	(147, '14,7'),
	(148, '14,8'),
	(149, '14,9'),
	(150, '15'),
	(151, '15,1'),
	(152, '15,2'),
	(153, '15,3'),
	(154, '15,4'),
	(155, '15,5'),
	(156, '15,6'),
	(157, '15,7'),
	(158, '15,8'),
	(159, '15,9'),
	(160, '16'),
	(161, '16,1'),
	(162, '16,2'),
	(163, '16,3'),
	(164, '16,4'),
	(165, '16,5'),
	(166, '16,6'),
	(167, '16,7'),
	(168, '16,8'),
	(169, '16,9'),
	(170, '17'),
	(171, '17,1'),
	(172, '17,2'),
	(173, '17,3'),
	(174, '17,4'),
	(175, '17,5'),
	(176, '17,6'),
	(177, '17,7'),
	(178, '17,8'),
	(179, '17,9'),
	(180, '18'),
	(181, '18,1'),
	(182, '18,2'),
	(183, '18,3'),
	(184, '18,4'),
	(185, '18,5'),
	(186, '18,6'),
	(187, '18,7'),
	(188, '18,8'),
	(189, '18,9'),
	(190, '19'),
	(191, '19,1'),
	(192, '19,2'),
	(193, '19,3'),
	(194, '19,4'),
	(195, '19,5'),
	(196, '19,6'),
	(197, '19,7'),
	(198, '19,8'),
	(199, '19,9'),
	(20, '2'),
	(21, '2,1'),
	(22, '2,2'),
	(23, '2,3'),
	(24, '2,4'),
	(25, '2,5'),
	(26, '2,6'),
	(27, '2,7'),
	(28, '2,8'),
	(29, '2,9'),
	(200, '20'),
	(201, '20,1'),
	(202, '20,2'),
	(203, '20,3'),
	(204, '20,4'),
	(205, '20,5'),
	(206, '20,6'),
	(207, '20,7'),
	(208, '20,8'),
	(209, '20,9'),
	(210, '21'),
	(211, '21,1'),
	(212, '21,2'),
	(213, '21,3'),
	(214, '21,4'),
	(215, '21,5'),
	(216, '21,6'),
	(217, '21,7'),
	(218, '21,8'),
	(219, '21,9'),
	(220, '22'),
	(221, '22,1'),
	(222, '22,2'),
	(223, '22,3'),
	(224, '22,4'),
	(225, '22,5'),
	(226, '22,6'),
	(227, '22,7'),
	(228, '22,8'),
	(229, '22,9'),
	(230, '23'),
	(231, '23,1'),
	(232, '23,2'),
	(233, '23,3'),
	(234, '23,4'),
	(235, '23,5'),
	(236, '23,6'),
	(237, '23,7'),
	(238, '23,8'),
	(239, '23,9'),
	(240, '24'),
	(241, '24,1'),
	(242, '24,2'),
	(243, '24,3'),
	(244, '24,4'),
	(245, '24,5'),
	(246, '24,6'),
	(247, '24,7'),
	(248, '24,8'),
	(249, '24,9'),
	(250, '25'),
	(251, '25,1'),
	(252, '25,2'),
	(253, '25,3'),
	(254, '25,4'),
	(255, '25,5'),
	(256, '25,6'),
	(257, '25,7'),
	(258, '25,8'),
	(259, '25,9'),
	(260, '26'),
	(261, '26,1'),
	(262, '26,2'),
	(263, '26,3'),
	(264, '26,4'),
	(265, '26,5'),
	(266, '26,6'),
	(267, '26,7'),
	(268, '26,8'),
	(269, '26,9'),
	(270, '27'),
	(271, '27,1'),
	(272, '27,2'),
	(273, '27,3'),
	(274, '27,4'),
	(275, '27,5'),
	(276, '27,6'),
	(277, '27,7'),
	(278, '27,8'),
	(279, '27,9'),
	(280, '28'),
	(281, '28,1'),
	(282, '28,2'),
	(283, '28,3'),
	(284, '28,4'),
	(285, '28,5'),
	(286, '28,6'),
	(287, '28,7'),
	(288, '28,8'),
	(289, '28,9'),
	(290, '29'),
	(291, '29,1'),
	(292, '29,2'),
	(293, '29,3'),
	(294, '29,4'),
	(295, '29,5'),
	(296, '29,6'),
	(297, '29,7'),
	(298, '29,8'),
	(299, '29,9'),
	(30, '3'),
	(31, '3,1'),
	(32, '3,2'),
	(33, '3,3'),
	(34, '3,4'),
	(35, '3,5'),
	(36, '3,6'),
	(37, '3,7'),
	(38, '3,8'),
	(39, '3,9'),
	(300, '30'),
	(301, '30,1'),
	(302, '30,2'),
	(303, '30,3'),
	(304, '30,4'),
	(305, '30,5'),
	(306, '30,6'),
	(307, '30,7'),
	(308, '30,8'),
	(309, '30,9'),
	(310, '31'),
	(311, '31,1'),
	(312, '31,2'),
	(313, '31,3'),
	(314, '31,4'),
	(315, '31,5'),
	(316, '31,6'),
	(317, '31,7'),
	(318, '31,8'),
	(319, '31,9'),
	(320, '32'),
	(321, '32,1'),
	(322, '32,2'),
	(323, '32,3'),
	(324, '32,4'),
	(325, '32,5'),
	(326, '32,6'),
	(327, '32,7'),
	(328, '32,8'),
	(329, '32,9'),
	(330, '33'),
	(331, '33,1'),
	(332, '33,2'),
	(333, '33,3'),
	(334, '33,4'),
	(335, '33,5'),
	(336, '33,6'),
	(337, '33,7'),
	(338, '33,8'),
	(339, '33,9'),
	(340, '34'),
	(341, '34,1'),
	(342, '34,2'),
	(343, '34,3'),
	(344, '34,4'),
	(345, '34,5'),
	(346, '34,6'),
	(347, '34,7'),
	(348, '34,8'),
	(349, '34,9'),
	(350, '35'),
	(351, '35,1'),
	(352, '35,2'),
	(353, '35,3'),
	(354, '35,4'),
	(355, '35,5'),
	(356, '35,6'),
	(357, '35,7'),
	(358, '35,8'),
	(359, '35,9'),
	(360, '36'),
	(361, '36,1'),
	(362, '36,2'),
	(363, '36,3'),
	(364, '36,4'),
	(365, '36,5'),
	(366, '36,6'),
	(367, '36,7'),
	(368, '36,8'),
	(369, '36,9'),
	(370, '37'),
	(371, '37,1'),
	(372, '37,2'),
	(373, '37,3'),
	(374, '37,4'),
	(375, '37,5'),
	(376, '37,6'),
	(377, '37,7'),
	(378, '37,8'),
	(379, '37,9'),
	(380, '38'),
	(381, '38,1'),
	(382, '38,2'),
	(383, '38,3'),
	(384, '38,4'),
	(385, '38,5'),
	(386, '38,6'),
	(387, '38,7'),
	(388, '38,8'),
	(389, '38,9'),
	(390, '39'),
	(391, '39,1'),
	(392, '39,2'),
	(393, '39,3'),
	(394, '39,4'),
	(395, '39,5'),
	(396, '39,6'),
	(397, '39,7'),
	(398, '39,8'),
	(399, '39,9'),
	(40, '4'),
	(41, '4,1'),
	(42, '4,2'),
	(43, '4,3'),
	(44, '4,4'),
	(45, '4,5'),
	(46, '4,6'),
	(47, '4,7'),
	(48, '4,8'),
	(49, '4,9'),
	(400, '40'),
	(401, '40,1'),
	(402, '40,2'),
	(403, '40,3'),
	(404, '40,4'),
	(405, '40,5'),
	(406, '40,6'),
	(407, '40,7'),
	(408, '40,8'),
	(409, '40,9'),
	(410, '41'),
	(411, '41,1'),
	(412, '41,2'),
	(413, '41,3'),
	(414, '41,4'),
	(415, '41,5'),
	(416, '41,6'),
	(417, '41,7'),
	(418, '41,8'),
	(419, '41,9'),
	(420, '42'),
	(421, '42,1'),
	(422, '42,2'),
	(423, '42,3'),
	(424, '42,4'),
	(425, '42,5'),
	(426, '42,6'),
	(427, '42,7'),
	(428, '42,8'),
	(429, '42,9'),
	(430, '43'),
	(431, '43,1'),
	(432, '43,2'),
	(433, '43,3'),
	(434, '43,4'),
	(435, '43,5'),
	(436, '43,6'),
	(437, '43,7'),
	(438, '43,8'),
	(439, '43,9'),
	(440, '44'),
	(441, '44,1'),
	(442, '44,2'),
	(443, '44,3'),
	(444, '44,4'),
	(445, '44,5'),
	(446, '44,6'),
	(447, '44,7'),
	(448, '44,8'),
	(449, '44,9'),
	(450, '45'),
	(451, '45,1'),
	(452, '45,2'),
	(453, '45,3'),
	(454, '45,4'),
	(455, '45,5'),
	(456, '45,6'),
	(457, '45,7'),
	(458, '45,8'),
	(459, '45,9'),
	(460, '46'),
	(461, '46,1'),
	(462, '46,2'),
	(463, '46,3'),
	(464, '46,4'),
	(465, '46,5'),
	(466, '46,6'),
	(467, '46,7'),
	(468, '46,8'),
	(469, '46,9'),
	(470, '47'),
	(471, '47,1'),
	(472, '47,2'),
	(473, '47,3'),
	(474, '47,4'),
	(475, '47,5'),
	(476, '47,6'),
	(477, '47,7'),
	(478, '47,8'),
	(479, '47,9'),
	(480, '48'),
	(481, '48,1'),
	(482, '48,2'),
	(483, '48,3'),
	(484, '48,4'),
	(485, '48,5'),
	(486, '48,6'),
	(487, '48,7'),
	(488, '48,8'),
	(489, '48,9'),
	(490, '49'),
	(491, '49,1'),
	(492, '49,2'),
	(493, '49,3'),
	(494, '49,4'),
	(495, '49,5'),
	(496, '49,6'),
	(497, '49,7'),
	(498, '49,8'),
	(499, '49,9'),
	(50, '5'),
	(51, '5,1'),
	(52, '5,2'),
	(53, '5,3'),
	(54, '5,4'),
	(55, '5,5'),
	(56, '5,6'),
	(57, '5,7'),
	(58, '5,8'),
	(59, '5,9'),
	(500, '50'),
	(501, '50,1'),
	(502, '50,2'),
	(503, '50,3'),
	(504, '50,4'),
	(505, '50,5'),
	(506, '50,6'),
	(507, '50,7'),
	(508, '50,8'),
	(509, '50,9'),
	(510, '51'),
	(511, '51,1'),
	(512, '51,2'),
	(513, '51,3'),
	(514, '51,4'),
	(515, '51,5'),
	(516, '51,6'),
	(517, '51,7'),
	(518, '51,8'),
	(519, '51,9'),
	(520, '52'),
	(521, '52,1'),
	(522, '52,2'),
	(523, '52,3'),
	(524, '52,4'),
	(525, '52,5'),
	(526, '52,6'),
	(527, '52,7'),
	(528, '52,8'),
	(529, '52,9'),
	(530, '53'),
	(531, '53,1'),
	(532, '53,2'),
	(533, '53,3'),
	(534, '53,4'),
	(535, '53,5'),
	(536, '53,6'),
	(537, '53,7'),
	(538, '53,8'),
	(539, '53,9'),
	(540, '54'),
	(541, '54,1'),
	(542, '54,2'),
	(543, '54,3'),
	(544, '54,4'),
	(545, '54,5'),
	(546, '54,6'),
	(547, '54,7'),
	(548, '54,8'),
	(549, '54,9'),
	(550, '55'),
	(551, '55,1'),
	(552, '55,2'),
	(553, '55,3'),
	(554, '55,4'),
	(555, '55,5'),
	(556, '55,6'),
	(557, '55,7'),
	(558, '55,8'),
	(559, '55,9'),
	(560, '56'),
	(561, '56,1'),
	(562, '56,2'),
	(563, '56,3'),
	(564, '56,4'),
	(565, '56,5'),
	(566, '56,6'),
	(567, '56,7'),
	(568, '56,8'),
	(569, '56,9'),
	(570, '57'),
	(571, '57,1'),
	(572, '57,2'),
	(573, '57,3'),
	(574, '57,4'),
	(575, '57,5'),
	(576, '57,6'),
	(577, '57,7'),
	(578, '57,8'),
	(579, '57,9'),
	(580, '58'),
	(581, '58,1'),
	(582, '58,2'),
	(583, '58,3'),
	(584, '58,4'),
	(585, '58,5'),
	(586, '58,6'),
	(587, '58,7'),
	(588, '58,8'),
	(589, '58,9'),
	(590, '59'),
	(591, '59,1'),
	(592, '59,2'),
	(593, '59,3'),
	(594, '59,4'),
	(595, '59,5'),
	(596, '59,6'),
	(597, '59,7'),
	(598, '59,8'),
	(599, '59,9'),
	(60, '6'),
	(61, '6,1'),
	(62, '6,2'),
	(63, '6,3'),
	(64, '6,4'),
	(65, '6,5'),
	(66, '6,6'),
	(67, '6,7'),
	(68, '6,8'),
	(69, '6,9'),
	(600, '60'),
	(601, '60,1'),
	(602, '60,2'),
	(603, '60,3'),
	(604, '60,4'),
	(605, '60,5'),
	(606, '60,6'),
	(607, '60,7'),
	(608, '60,8'),
	(609, '60,9'),
	(610, '61'),
	(611, '61,1'),
	(612, '61,2'),
	(613, '61,3'),
	(614, '61,4'),
	(615, '61,5'),
	(616, '61,6'),
	(617, '61,7'),
	(618, '61,8'),
	(619, '61,9'),
	(620, '62'),
	(621, '62,1'),
	(622, '62,2'),
	(623, '62,3'),
	(624, '62,4'),
	(625, '62,5'),
	(626, '62,6'),
	(627, '62,7'),
	(628, '62,8'),
	(629, '62,9'),
	(630, '63'),
	(631, '63,1'),
	(632, '63,2'),
	(633, '63,3'),
	(634, '63,4'),
	(635, '63,5'),
	(636, '63,6'),
	(637, '63,7'),
	(638, '63,8'),
	(639, '63,9'),
	(640, '64'),
	(641, '64,1'),
	(642, '64,2'),
	(643, '64,3'),
	(644, '64,4'),
	(645, '64,5'),
	(646, '64,6'),
	(647, '64,7'),
	(648, '64,8'),
	(649, '64,9'),
	(650, '65'),
	(651, '65,1'),
	(652, '65,2'),
	(653, '65,3'),
	(654, '65,4'),
	(655, '65,5'),
	(656, '65,6'),
	(657, '65,7'),
	(658, '65,8'),
	(659, '65,9'),
	(660, '66'),
	(661, '66,1'),
	(662, '66,2'),
	(663, '66,3'),
	(664, '66,4'),
	(665, '66,5'),
	(666, '66,6'),
	(667, '66,7'),
	(668, '66,8'),
	(669, '66,9'),
	(670, '67'),
	(671, '67,1'),
	(672, '67,2'),
	(673, '67,3'),
	(674, '67,4'),
	(675, '67,5'),
	(676, '67,6'),
	(677, '67,7'),
	(678, '67,8'),
	(679, '67,9'),
	(680, '68'),
	(681, '68,1'),
	(682, '68,2'),
	(683, '68,3'),
	(684, '68,4'),
	(685, '68,5'),
	(686, '68,6'),
	(687, '68,7'),
	(688, '68,8'),
	(689, '68,9'),
	(690, '69'),
	(691, '69,1'),
	(692, '69,2'),
	(693, '69,3'),
	(694, '69,4'),
	(695, '69,5'),
	(696, '69,6'),
	(697, '69,7'),
	(698, '69,8'),
	(699, '69,9'),
	(70, '7'),
	(71, '7,1'),
	(72, '7,2'),
	(73, '7,3'),
	(74, '7,4'),
	(75, '7,5'),
	(76, '7,6'),
	(77, '7,7'),
	(78, '7,8'),
	(79, '7,9'),
	(700, '70'),
	(701, '70,1'),
	(702, '70,2'),
	(703, '70,3'),
	(704, '70,4'),
	(705, '70,5'),
	(706, '70,6'),
	(707, '70,7'),
	(708, '70,8'),
	(709, '70,9'),
	(710, '71'),
	(711, '71,1'),
	(712, '71,2'),
	(713, '71,3'),
	(714, '71,4'),
	(715, '71,5'),
	(716, '71,6'),
	(717, '71,7'),
	(718, '71,8'),
	(719, '71,9'),
	(720, '72'),
	(721, '72,1'),
	(722, '72,2'),
	(723, '72,3'),
	(724, '72,4'),
	(725, '72,5'),
	(726, '72,6'),
	(727, '72,7'),
	(728, '72,8'),
	(729, '72,9'),
	(730, '73'),
	(731, '73,1'),
	(732, '73,2'),
	(733, '73,3'),
	(734, '73,4'),
	(735, '73,5'),
	(736, '73,6'),
	(737, '73,7'),
	(738, '73,8'),
	(739, '73,9'),
	(740, '74'),
	(741, '74,1'),
	(742, '74,2'),
	(743, '74,3'),
	(744, '74,4'),
	(745, '74,5'),
	(746, '74,6'),
	(747, '74,7'),
	(748, '74,8'),
	(749, '74,9'),
	(750, '75'),
	(751, '75,1'),
	(752, '75,2'),
	(753, '75,3'),
	(754, '75,4'),
	(755, '75,5'),
	(756, '75,6'),
	(757, '75,7'),
	(758, '75,8'),
	(759, '75,9'),
	(760, '76'),
	(761, '76,1'),
	(762, '76,2'),
	(763, '76,3'),
	(764, '76,4'),
	(765, '76,5'),
	(766, '76,6'),
	(767, '76,7'),
	(768, '76,8'),
	(769, '76,9'),
	(770, '77'),
	(771, '77,1'),
	(772, '77,2'),
	(773, '77,3'),
	(774, '77,4'),
	(775, '77,5'),
	(776, '77,6'),
	(777, '77,7'),
	(778, '77,8'),
	(779, '77,9'),
	(780, '78'),
	(781, '78,1'),
	(782, '78,2'),
	(783, '78,3'),
	(784, '78,4'),
	(785, '78,5'),
	(786, '78,6'),
	(787, '78,7'),
	(788, '78,8'),
	(789, '78,9'),
	(790, '79'),
	(791, '79,1'),
	(792, '79,2'),
	(793, '79,3'),
	(794, '79,4'),
	(795, '79,5'),
	(796, '79,6'),
	(797, '79,7'),
	(798, '79,8'),
	(799, '79,9'),
	(80, '8'),
	(81, '8,1'),
	(82, '8,2'),
	(83, '8,3'),
	(84, '8,4'),
	(85, '8,5'),
	(86, '8,6'),
	(87, '8,7'),
	(88, '8,8'),
	(89, '8,9'),
	(800, '80'),
	(801, '80,1'),
	(802, '80,2'),
	(803, '80,3'),
	(804, '80,4'),
	(805, '80,5'),
	(806, '80,6'),
	(807, '80,7'),
	(808, '80,8'),
	(809, '80,9'),
	(810, '81'),
	(811, '81,1'),
	(812, '81,2'),
	(813, '81,3'),
	(814, '81,4'),
	(815, '81,5'),
	(816, '81,6'),
	(817, '81,7'),
	(818, '81,8'),
	(819, '81,9'),
	(820, '82'),
	(821, '82,1'),
	(822, '82,2'),
	(823, '82,3'),
	(824, '82,4'),
	(825, '82,5'),
	(826, '82,6'),
	(827, '82,7'),
	(828, '82,8'),
	(829, '82,9'),
	(830, '83'),
	(831, '83,1'),
	(832, '83,2'),
	(833, '83,3'),
	(834, '83,4'),
	(835, '83,5'),
	(836, '83,6'),
	(837, '83,7'),
	(838, '83,8'),
	(839, '83,9'),
	(840, '84'),
	(841, '84,1'),
	(842, '84,2'),
	(843, '84,3'),
	(844, '84,4'),
	(845, '84,5'),
	(846, '84,6'),
	(847, '84,7'),
	(848, '84,8'),
	(849, '84,9'),
	(850, '85'),
	(851, '85,1'),
	(852, '85,2'),
	(853, '85,3'),
	(854, '85,4'),
	(855, '85,5'),
	(856, '85,6'),
	(857, '85,7'),
	(858, '85,8'),
	(859, '85,9'),
	(860, '86'),
	(861, '86,1'),
	(862, '86,2'),
	(863, '86,3'),
	(864, '86,4'),
	(865, '86,5'),
	(866, '86,6'),
	(867, '86,7'),
	(868, '86,8'),
	(869, '86,9'),
	(870, '87'),
	(871, '87,1'),
	(872, '87,2'),
	(873, '87,3'),
	(874, '87,4'),
	(875, '87,5'),
	(876, '87,6'),
	(877, '87,7'),
	(878, '87,8'),
	(879, '87,9'),
	(880, '88'),
	(881, '88,1'),
	(882, '88,2'),
	(883, '88,3'),
	(884, '88,4'),
	(885, '88,5'),
	(886, '88,6'),
	(887, '88,7'),
	(888, '88,8'),
	(889, '88,9'),
	(890, '89'),
	(891, '89,1'),
	(892, '89,2'),
	(893, '89,3'),
	(894, '89,4'),
	(895, '89,5'),
	(896, '89,6'),
	(897, '89,7'),
	(898, '89,8'),
	(899, '89,9'),
	(90, '9'),
	(91, '9,1'),
	(92, '9,2'),
	(93, '9,3'),
	(94, '9,4'),
	(95, '9,5'),
	(96, '9,6'),
	(97, '9,7'),
	(98, '9,8'),
	(99, '9,9'),
	(900, '90'),
	(901, '90,1'),
	(902, '90,2'),
	(903, '90,3'),
	(904, '90,4'),
	(905, '90,5'),
	(906, '90,6'),
	(907, '90,7'),
	(908, '90,8'),
	(909, '90,9'),
	(910, '91'),
	(911, '91,1'),
	(912, '91,2'),
	(913, '91,3'),
	(914, '91,4'),
	(915, '91,5'),
	(916, '91,6'),
	(917, '91,7'),
	(918, '91,8'),
	(919, '91,9'),
	(920, '92'),
	(921, '92,1'),
	(922, '92,2'),
	(923, '92,3'),
	(924, '92,4'),
	(925, '92,5'),
	(926, '92,6'),
	(927, '92,7'),
	(928, '92,8'),
	(929, '92,9'),
	(930, '93'),
	(931, '93,1'),
	(932, '93,2'),
	(933, '93,3'),
	(934, '93,4'),
	(935, '93,5'),
	(936, '93,6'),
	(937, '93,7'),
	(938, '93,8'),
	(939, '93,9'),
	(940, '94'),
	(941, '94,1'),
	(942, '94,2'),
	(943, '94,3'),
	(944, '94,4'),
	(945, '94,5'),
	(946, '94,6'),
	(947, '94,7'),
	(948, '94,8'),
	(949, '94,9'),
	(950, '95'),
	(951, '95,1'),
	(952, '95,2'),
	(953, '95,3'),
	(954, '95,4'),
	(955, '95,5'),
	(956, '95,6'),
	(957, '95,7'),
	(958, '95,8'),
	(959, '95,9'),
	(960, '96'),
	(961, '96,1'),
	(962, '96,2'),
	(963, '96,3'),
	(964, '96,4'),
	(965, '96,5'),
	(966, '96,6'),
	(967, '96,7'),
	(968, '96,8'),
	(969, '96,9'),
	(970, '97'),
	(971, '97,1'),
	(972, '97,2'),
	(973, '97,3'),
	(974, '97,4'),
	(975, '97,5'),
	(976, '97,6'),
	(977, '97,7'),
	(978, '97,8'),
	(979, '97,9'),
	(980, '98'),
	(981, '98,1'),
	(982, '98,2'),
	(983, '98,3'),
	(984, '98,4'),
	(985, '98,5'),
	(986, '98,6'),
	(987, '98,7'),
	(988, '98,8'),
	(989, '98,9'),
	(990, '99'),
	(991, '99,1'),
	(992, '99,2'),
	(993, '99,3'),
	(994, '99,4'),
	(995, '99,5'),
	(996, '99,6'),
	(997, '99,7'),
	(998, '99,8'),
	(999, '99,9');
/*!40000 ALTER TABLE `gen_indemnizacion` ENABLE KEYS */;


-- Volcando estructura para tabla ipp.gen_nacional
CREATE TABLE IF NOT EXISTS `gen_nacional` (
  `nac_codigo` int(11) NOT NULL AUTO_INCREMENT,
  `nac_descripcion` char(50) COLLATE utf8_bin DEFAULT NULL,
  PRIMARY KEY (`nac_codigo`)
) ENGINE=InnoDB AUTO_INCREMENT=3 DEFAULT CHARSET=utf8 COLLATE=utf8_bin;

-- Volcando datos para la tabla ipp.gen_nacional: ~2 rows (aproximadamente)
DELETE FROM `gen_nacional`;
/*!40000 ALTER TABLE `gen_nacional` DISABLE KEYS */;
INSERT INTO `gen_nacional` (`nac_codigo`, `nac_descripcion`) VALUES
	(1, 'V'),
	(2, 'E');
/*!40000 ALTER TABLE `gen_nacional` ENABLE KEYS */;


-- Volcando estructura para tabla ipp.gen_parentesco
CREATE TABLE IF NOT EXISTS `gen_parentesco` (
  `par_codigo` int(11) NOT NULL AUTO_INCREMENT,
  `par_descripcion` varchar(50) COLLATE utf8_bin DEFAULT NULL,
  PRIMARY KEY (`par_codigo`),
  UNIQUE KEY `par_descripcion` (`par_descripcion`)
) ENGINE=InnoDB AUTO_INCREMENT=11 DEFAULT CHARSET=utf8 COLLATE=utf8_bin;

-- Volcando datos para la tabla ipp.gen_parentesco: ~10 rows (aproximadamente)
DELETE FROM `gen_parentesco`;
/*!40000 ALTER TABLE `gen_parentesco` DISABLE KEYS */;
INSERT INTO `gen_parentesco` (`par_codigo`, `par_descripcion`) VALUES
	(4, 'CONCUBINO(A)'),
	(3, 'ESPOSO(A)'),
	(10, 'HERMANO(A)'),
	(5, 'HIJO(A)'),
	(2, 'MADRE'),
	(9, 'NIETO(A)'),
	(1, 'PADRE'),
	(8, 'SOBRINO(A)'),
	(6, 'SUEGRO(A)'),
	(7, 'TIO(A)');
/*!40000 ALTER TABLE `gen_parentesco` ENABLE KEYS */;


-- Volcando estructura para tabla ipp.gen_razon_social
CREATE TABLE IF NOT EXISTS `gen_razon_social` (
  `raz_codigo` int(11) NOT NULL AUTO_INCREMENT,
  `raz_descripcion` varchar(50) COLLATE utf8_bin DEFAULT NULL,
  PRIMARY KEY (`raz_codigo`),
  UNIQUE KEY `raz_descripcion` (`raz_descripcion`)
) ENGINE=InnoDB AUTO_INCREMENT=5 DEFAULT CHARSET=utf8 COLLATE=utf8_bin;

-- Volcando datos para la tabla ipp.gen_razon_social: ~4 rows (aproximadamente)
DELETE FROM `gen_razon_social`;
/*!40000 ALTER TABLE `gen_razon_social` DISABLE KEYS */;
INSERT INTO `gen_razon_social` (`raz_codigo`, `raz_descripcion`) VALUES
	(3, 'E'),
	(4, 'G'),
	(1, 'J'),
	(2, 'V');
/*!40000 ALTER TABLE `gen_razon_social` ENABLE KEYS */;


-- Volcando estructura para tabla ipp.gen_sexo
CREATE TABLE IF NOT EXISTS `gen_sexo` (
  `id` int(11) NOT NULL AUTO_INCREMENT,
  `Nombre` varchar(200) COLLATE utf8_unicode_ci NOT NULL,
  PRIMARY KEY (`id`)
) ENGINE=InnoDB AUTO_INCREMENT=3 DEFAULT CHARSET=utf8 COLLATE=utf8_unicode_ci COMMENT='Sexo';

-- Volcando datos para la tabla ipp.gen_sexo: ~2 rows (aproximadamente)
DELETE FROM `gen_sexo`;
/*!40000 ALTER TABLE `gen_sexo` DISABLE KEYS */;
INSERT INTO `gen_sexo` (`id`, `Nombre`) VALUES
	(1, 'Masculino'),
	(2, 'Femenino');
/*!40000 ALTER TABLE `gen_sexo` ENABLE KEYS */;


-- Volcando estructura para tabla ipp.gen_status
CREATE TABLE IF NOT EXISTS `gen_status` (
  `st_codigo` int(11) NOT NULL AUTO_INCREMENT,
  `st_descripcion` varchar(50) COLLATE utf8_bin DEFAULT NULL,
  PRIMARY KEY (`st_codigo`),
  UNIQUE KEY `st_descripcion` (`st_descripcion`)
) ENGINE=InnoDB AUTO_INCREMENT=5 DEFAULT CHARSET=utf8 COLLATE=utf8_bin;

-- Volcando datos para la tabla ipp.gen_status: ~4 rows (aproximadamente)
DELETE FROM `gen_status`;
/*!40000 ALTER TABLE `gen_status` DISABLE KEYS */;
INSERT INTO `gen_status` (`st_codigo`, `st_descripcion`) VALUES
	(1, 'ACTIVO'),
	(2, 'INACTIVO'),
	(4, 'NO'),
	(3, 'SI');
/*!40000 ALTER TABLE `gen_status` ENABLE KEYS */;


-- Volcando estructura para tabla ipp.gen_tipo_docente
CREATE TABLE IF NOT EXISTS `gen_tipo_docente` (
  `tipdoc_codigo` int(11) NOT NULL AUTO_INCREMENT,
  `tipdoc_descripcion` varchar(250) COLLATE utf8_bin DEFAULT NULL,
  PRIMARY KEY (`tipdoc_codigo`),
  UNIQUE KEY `tipdoc_descripcion` (`tipdoc_descripcion`)
) ENGINE=InnoDB AUTO_INCREMENT=7 DEFAULT CHARSET=utf8 COLLATE=utf8_bin;

-- Volcando datos para la tabla ipp.gen_tipo_docente: ~6 rows (aproximadamente)
DELETE FROM `gen_tipo_docente`;
/*!40000 ALTER TABLE `gen_tipo_docente` DISABLE KEYS */;
INSERT INTO `gen_tipo_docente` (`tipdoc_codigo`, `tipdoc_descripcion`) VALUES
	(1, 'DEDICACIÓN EXCLUSIVA'),
	(5, 'DOCENTE JUBILADO'),
	(6, 'DOCENTE PENSIONADO'),
	(4, 'MEDIO TIEMPO'),
	(2, 'TIEMPO COMPLETO'),
	(3, 'TIEMPO CONVENCIONAL');
/*!40000 ALTER TABLE `gen_tipo_docente` ENABLE KEYS */;


-- Volcando estructura para tabla ipp.gen_tipo_personal
CREATE TABLE IF NOT EXISTS `gen_tipo_personal` (
  `tip_codigo` int(11) NOT NULL AUTO_INCREMENT,
  `tip_descripcion` varchar(50) COLLATE utf8_bin DEFAULT NULL,
  PRIMARY KEY (`tip_codigo`),
  UNIQUE KEY `tip_descripcion` (`tip_descripcion`)
) ENGINE=InnoDB AUTO_INCREMENT=4 DEFAULT CHARSET=utf8 COLLATE=utf8_bin;

-- Volcando datos para la tabla ipp.gen_tipo_personal: ~3 rows (aproximadamente)
DELETE FROM `gen_tipo_personal`;
/*!40000 ALTER TABLE `gen_tipo_personal` DISABLE KEYS */;
INSERT INTO `gen_tipo_personal` (`tip_codigo`, `tip_descripcion`) VALUES
	(2, 'ADMINISTRATIVO'),
	(1, 'DOCENTE'),
	(3, 'OBRERO');
/*!40000 ALTER TABLE `gen_tipo_personal` ENABLE KEYS */;


-- Volcando estructura para tabla ipp.menu_emp
CREATE TABLE IF NOT EXISTS `menu_emp` (
  `id` int(11) NOT NULL AUTO_INCREMENT,
  `orden` int(11) DEFAULT NULL,
  `menu` varchar(250) COLLATE utf8_unicode_ci DEFAULT NULL,
  `conex` varchar(250) COLLATE utf8_unicode_ci DEFAULT NULL,
  `funcion` varchar(100) COLLATE utf8_unicode_ci DEFAULT NULL,
  `Imagen` varchar(80) COLLATE utf8_unicode_ci NOT NULL,
  `ancho` char(2) COLLATE utf8_unicode_ci DEFAULT NULL,
  `alto` char(2) COLLATE utf8_unicode_ci DEFAULT NULL,
  `nivel` text COLLATE utf8_unicode_ci,
  `CA` char(2) COLLATE utf8_unicode_ci DEFAULT NULL,
  `CAdmin` char(2) COLLATE utf8_unicode_ci DEFAULT NULL,
  `ConexMenu` int(11) DEFAULT NULL,
  PRIMARY KEY (`id`),
  KEY `orden` (`orden`)
) ENGINE=InnoDB AUTO_INCREMENT=66 DEFAULT CHARSET=utf8 COLLATE=utf8_unicode_ci;

-- Volcando datos para la tabla ipp.menu_emp: ~3 rows (aproximadamente)
DELETE FROM `menu_emp`;
/*!40000 ALTER TABLE `menu_emp` DISABLE KEYS */;
INSERT INTO `menu_emp` (`id`, `orden`, `menu`, `conex`, `funcion`, `Imagen`, `ancho`, `alto`, `nivel`, `CA`, `CAdmin`, `ConexMenu`) VALUES
	(49, 9, 'Configurar Sistema', 'vermenu.php', 'imagen/est.gif', '', '30', '20', '', '1', NULL, NULL),
	(54, 20, 'Administrador', 'vermenu.php', 'imagen/administrador.jpg', '', '30', '25', '', NULL, NULL, NULL),
	(65, 21, 'Mis Datos', ' vermenu.php', NULL, '', NULL, NULL, NULL, NULL, NULL, NULL);
/*!40000 ALTER TABLE `menu_emp` ENABLE KEYS */;


-- Volcando estructura para tabla ipp.menu_emp_sub
CREATE TABLE IF NOT EXISTS `menu_emp_sub` (
  `id` int(11) NOT NULL AUTO_INCREMENT,
  `enlace` int(11) NOT NULL DEFAULT '0',
  `enlacesub` char(3) DEFAULT NULL,
  `Act` char(1) DEFAULT NULL,
  `orden` int(11) DEFAULT NULL,
  `menu` varchar(250) DEFAULT NULL,
  `conex` varchar(250) DEFAULT NULL,
  `Url_1` varchar(100) NOT NULL,
  `Url_2` varchar(100) NOT NULL,
  `Url_3` varchar(100) NOT NULL,
  `Url_4` varchar(80) CHARACTER SET utf8 COLLATE utf8_unicode_ci NOT NULL,
  `Url_5` varchar(100) NOT NULL,
  `Url_6` varchar(100) DEFAULT NULL,
  `Url_7` varchar(100) DEFAULT NULL,
  `Url_8` varchar(100) DEFAULT NULL,
  `Url_9` varchar(100) DEFAULT NULL,
  `Url_10` varchar(100) DEFAULT NULL,
  `Inserte` varchar(100) CHARACTER SET utf8 COLLATE utf8_unicode_ci NOT NULL,
  `Updated` varchar(100) CHARACTER SET utf8 COLLATE utf8_unicode_ci NOT NULL,
  `Deleted` varchar(100) CHARACTER SET utf8 COLLATE utf8_unicode_ci NOT NULL,
  `Acciones` varchar(80) NOT NULL,
  `Ejecutar` varchar(80) CHARACTER SET utf8 COLLATE utf8_unicode_ci NOT NULL,
  `conexd` varchar(200) DEFAULT NULL,
  `funcion` varchar(100) DEFAULT NULL,
  `nivel` text,
  `CA` char(2) DEFAULT NULL,
  `CAdmin` int(1) DEFAULT NULL,
  `CssColor` varchar(50) NOT NULL,
  `CssImagen` varchar(50) NOT NULL,
  PRIMARY KEY (`id`),
  KEY `enlace` (`enlace`)
) ENGINE=InnoDB AUTO_INCREMENT=371 DEFAULT CHARSET=utf8;

-- Volcando datos para la tabla ipp.menu_emp_sub: ~3 rows (aproximadamente)
DELETE FROM `menu_emp_sub`;
/*!40000 ALTER TABLE `menu_emp_sub` DISABLE KEYS */;
INSERT INTO `menu_emp_sub` (`id`, `enlace`, `enlacesub`, `Act`, `orden`, `menu`, `conex`, `Url_1`, `Url_2`, `Url_3`, `Url_4`, `Url_5`, `Url_6`, `Url_7`, `Url_8`, `Url_9`, `Url_10`, `Inserte`, `Updated`, `Deleted`, `Acciones`, `Ejecutar`, `conexd`, `funcion`, `nivel`, `CA`, `CAdmin`, `CssColor`, `CssImagen`) VALUES
	(55, 54, NULL, NULL, 21, 'Crear Usuario', 'conf_usuario/crear_usuario.php', 'conf_usuario/crear_usuario.php', 'conf_usuario/asignar_permiso_minic.php', 'conf_usuario/asignar_permiso_list.php', '', '', NULL, NULL, NULL, NULL, NULL, '', '', '', 'cargas/acciones/acciones.php', '', '', '', '', NULL, NULL, '', ''),
	(110, 54, 'fun', NULL, 21, 'Administrar Perfiles', 'admin/perfiles.php', 'admin_perfil/conf_perfil.php', 'admin_perfil/conf_menu_list.php', 'admin_perfil/conf_menu_accion.php', '', '', NULL, NULL, NULL, NULL, NULL, '', '', '', '', '', NULL, '', '', NULL, NULL, '', ''),
	(369, 65, NULL, NULL, 21, 'Mis Datos', 'sistema/index.php', '', '', '', '', '', NULL, NULL, NULL, NULL, NULL, '', '', '', '', '', NULL, NULL, NULL, NULL, NULL, '', ''),
	(370, 0, NULL, NULL, NULL, 'Buscar', '', 'sistema/buscar.php', 'sistema/titular/fichapersonal.php', '', '', '', NULL, NULL, NULL, NULL, NULL, '', '', '', '', '', NULL, NULL, NULL, NULL, NULL, '', '');
/*!40000 ALTER TABLE `menu_emp_sub` ENABLE KEYS */;


-- Volcando estructura para tabla ipp.menu_master
CREATE TABLE IF NOT EXISTS `menu_master` (
  `id` int(11) NOT NULL AUTO_INCREMENT,
  `nombre_menu` varchar(50) NOT NULL,
  PRIMARY KEY (`id`)
) ENGINE=InnoDB AUTO_INCREMENT=3 DEFAULT CHARSET=latin1;

-- Volcando datos para la tabla ipp.menu_master: ~2 rows (aproximadamente)
DELETE FROM `menu_master`;
/*!40000 ALTER TABLE `menu_master` DISABLE KEYS */;
INSERT INTO `menu_master` (`id`, `nombre_menu`) VALUES
	(1, 'Solicitudes'),
	(2, 'Admin Departamentos');
/*!40000 ALTER TABLE `menu_master` ENABLE KEYS */;


-- Volcando estructura para tabla ipp.m_menu_emp_menj
CREATE TABLE IF NOT EXISTS `m_menu_emp_menj` (
  `id` int(11) NOT NULL AUTO_INCREMENT,
  `ConexMenuMaster` int(11) DEFAULT NULL,
  `orden` int(11) DEFAULT NULL,
  `menu` varchar(250) COLLATE utf8_unicode_ci DEFAULT NULL,
  `conex` varchar(250) COLLATE utf8_unicode_ci DEFAULT NULL,
  `funcion` varchar(100) COLLATE utf8_unicode_ci DEFAULT NULL,
  `Imagen` varchar(80) COLLATE utf8_unicode_ci NOT NULL,
  `ancho` char(2) COLLATE utf8_unicode_ci DEFAULT NULL,
  `alto` char(2) COLLATE utf8_unicode_ci DEFAULT NULL,
  `nivel` text COLLATE utf8_unicode_ci,
  `CA` char(2) COLLATE utf8_unicode_ci DEFAULT NULL,
  `CAdmin` char(2) COLLATE utf8_unicode_ci DEFAULT NULL,
  PRIMARY KEY (`id`),
  KEY `orden` (`orden`)
) ENGINE=InnoDB AUTO_INCREMENT=87 DEFAULT CHARSET=utf8 COLLATE=utf8_unicode_ci;

-- Volcando datos para la tabla ipp.m_menu_emp_menj: ~9 rows (aproximadamente)
DELETE FROM `m_menu_emp_menj`;
/*!40000 ALTER TABLE `m_menu_emp_menj` DISABLE KEYS */;
INSERT INTO `m_menu_emp_menj` (`id`, `ConexMenuMaster`, `orden`, `menu`, `conex`, `funcion`, `Imagen`, `ancho`, `alto`, `nivel`, `CA`, `CAdmin`) VALUES
	(78, NULL, 1, 'ADMINISTRADOR', NULL, NULL, '', NULL, NULL, NULL, NULL, NULL),
	(79, NULL, 2, 'TITULARES', NULL, NULL, '', NULL, NULL, NULL, NULL, NULL),
	(80, NULL, 3, 'BENEFICIARIOS', NULL, NULL, '', NULL, NULL, NULL, NULL, NULL),
	(81, NULL, 4, 'CLINICAS', NULL, NULL, '', NULL, NULL, NULL, NULL, NULL),
	(82, NULL, 5, 'DIAGNOSTICO', NULL, NULL, '', NULL, NULL, NULL, NULL, NULL),
	(83, NULL, 6, 'CASOS', NULL, NULL, '', NULL, NULL, NULL, NULL, NULL),
	(84, NULL, 7, 'PAGOS', NULL, NULL, '', NULL, NULL, NULL, NULL, NULL),
	(85, NULL, 8, 'REPORTES', NULL, NULL, '', NULL, NULL, NULL, NULL, NULL),
	(86, NULL, 9, 'CONSULTAS', NULL, NULL, '', NULL, NULL, NULL, NULL, NULL);
/*!40000 ALTER TABLE `m_menu_emp_menj` ENABLE KEYS */;


-- Volcando estructura para tabla ipp.m_menu_emp_sub_menj
CREATE TABLE IF NOT EXISTS `m_menu_emp_sub_menj` (
  `id` int(11) NOT NULL AUTO_INCREMENT,
  `enlace` int(11) NOT NULL DEFAULT '0',
  `enlacesub` char(3) DEFAULT NULL,
  `Act` char(1) DEFAULT NULL,
  `orden` int(11) DEFAULT NULL,
  `menu` varchar(250) DEFAULT NULL,
  `conex` varchar(250) DEFAULT NULL,
  `Url_1` varchar(100) NOT NULL,
  `Url_2` varchar(100) NOT NULL,
  `Url_3` varchar(100) NOT NULL,
  `Url_4` varchar(80) NOT NULL,
  `Url_5` varchar(100) NOT NULL,
  `Url_6` varchar(100) DEFAULT NULL,
  `Url_7` varchar(100) DEFAULT NULL,
  `Url_8` varchar(100) DEFAULT NULL,
  `Url_9` varchar(100) DEFAULT NULL,
  `Url_10` varchar(100) DEFAULT NULL,
  `Inserte` varchar(100) NOT NULL,
  `Updated` varchar(100) NOT NULL,
  `Deleted` varchar(100) NOT NULL,
  `Acciones` varchar(80) NOT NULL,
  `Ejecutar` varchar(80) NOT NULL,
  `conexd` varchar(200) DEFAULT NULL,
  `funcion` varchar(100) DEFAULT NULL,
  `nivel` text,
  `CA` char(2) DEFAULT NULL,
  `CAdmin` int(1) DEFAULT NULL,
  `CssColor` varchar(50) NOT NULL,
  `CssImagen` varchar(50) NOT NULL,
  PRIMARY KEY (`id`),
  KEY `enlace` (`enlace`),
  CONSTRAINT `m_menu_emp_sub_menj_ibfk_1` FOREIGN KEY (`enlace`) REFERENCES `m_menu_emp_menj` (`id`) ON DELETE CASCADE ON UPDATE CASCADE
) ENGINE=InnoDB AUTO_INCREMENT=174 DEFAULT CHARSET=utf8;

-- Volcando datos para la tabla ipp.m_menu_emp_sub_menj: ~11 rows (aproximadamente)
DELETE FROM `m_menu_emp_sub_menj`;
/*!40000 ALTER TABLE `m_menu_emp_sub_menj` DISABLE KEYS */;
INSERT INTO `m_menu_emp_sub_menj` (`id`, `enlace`, `enlacesub`, `Act`, `orden`, `menu`, `conex`, `Url_1`, `Url_2`, `Url_3`, `Url_4`, `Url_5`, `Url_6`, `Url_7`, `Url_8`, `Url_9`, `Url_10`, `Inserte`, `Updated`, `Deleted`, `Acciones`, `Ejecutar`, `conexd`, `funcion`, `nivel`, `CA`, `CAdmin`, `CssColor`, `CssImagen`) VALUES
	(162, 78, NULL, NULL, NULL, 'Administrar perfiles', NULL, 'admin_perfil/conf_perfil.php', 'admin_perfil/conf_menu_list.php', 'admin_perfil/conf_menu_accion.php', '', '', NULL, NULL, NULL, NULL, NULL, '', '', '', '', '', NULL, NULL, NULL, NULL, NULL, '', ''),
	(164, 79, NULL, NULL, NULL, 'Administrar registros', NULL, 'sistema/titular/titular.php', '', '', '', '', NULL, NULL, NULL, NULL, NULL, '', '', '', '', '', NULL, NULL, NULL, NULL, NULL, '', ''),
	(165, 80, NULL, NULL, NULL, 'Administrar registros', NULL, 'sistema/benef/benef.php', 'sistema/benef/benef_edit.php', '', '', '', NULL, NULL, NULL, NULL, NULL, '', '', '', '', '', NULL, NULL, NULL, NULL, NULL, '', ''),
	(166, 81, NULL, NULL, NULL, 'Administrar registros', NULL, 'sistema/clinica/clinica.php', '', '', '', '', NULL, NULL, NULL, NULL, NULL, '', '', '', '', '', NULL, NULL, NULL, NULL, NULL, '', ''),
	(167, 82, NULL, NULL, NULL, 'Administrar registros', NULL, 'sistema/diagnostico/diagnostico.php', '', '', '', '', NULL, NULL, NULL, NULL, NULL, '', '', '', '', '', NULL, NULL, NULL, NULL, NULL, '', ''),
	(168, 83, NULL, NULL, NULL, 'Carta aval', NULL, 'sistema/carta_aval/carta_tit.php', 'sistema/titular/fichapersonal.php', '', '', '', NULL, NULL, NULL, NULL, NULL, '', '', '', '', '', NULL, NULL, NULL, NULL, NULL, '', ''),
	(169, 83, NULL, NULL, NULL, 'Nuevo caso', NULL, 'sistema/carta_aval/carta_tit.php', 'sistema/titular/fichapersonal.php', '', '', '', NULL, NULL, NULL, NULL, NULL, '', '', '', '', '', NULL, NULL, NULL, NULL, NULL, '', ''),
	(170, 83, NULL, NULL, NULL, 'Liquidación ambulatorio', NULL, 'sistema/carta_aval/carta_tit.php', 'sistema/titular/fichapersonal.php', '', '', '', NULL, NULL, NULL, NULL, NULL, '', '', '', '', '', NULL, NULL, NULL, NULL, NULL, '', ''),
	(171, 84, NULL, NULL, NULL, 'Carta aval', NULL, '', '', '', '', '', NULL, NULL, NULL, NULL, NULL, '', '', '', '', '', NULL, NULL, NULL, NULL, NULL, '', ''),
	(172, 84, NULL, NULL, NULL, 'Nuevo pago', NULL, '', '', '', '', '', NULL, NULL, NULL, NULL, NULL, '', '', '', '', '', NULL, NULL, NULL, NULL, NULL, '', ''),
	(173, 84, NULL, NULL, NULL, 'Liquidación ambulatorio', NULL, '', '', '', '', '', NULL, NULL, NULL, NULL, NULL, '', '', '', '', '', NULL, NULL, NULL, NULL, NULL, '', '');
/*!40000 ALTER TABLE `m_menu_emp_sub_menj` ENABLE KEYS */;


-- Volcando estructura para tabla ipp.perfiles
CREATE TABLE IF NOT EXISTS `perfiles` (
  `CodPerfil` int(11) NOT NULL,
  `Nombre` varchar(100) COLLATE utf8_unicode_ci NOT NULL,
  PRIMARY KEY (`CodPerfil`),
  UNIQUE KEY `Nombre` (`Nombre`)
) ENGINE=InnoDB DEFAULT CHARSET=utf8 COLLATE=utf8_unicode_ci;

-- Volcando datos para la tabla ipp.perfiles: ~4 rows (aproximadamente)
DELETE FROM `perfiles`;
/*!40000 ALTER TABLE `perfiles` DISABLE KEYS */;
INSERT INTO `perfiles` (`CodPerfil`, `Nombre`) VALUES
	(1, 'Administrador'),
	(3, 'Asociado'),
	(4, 'GOD'),
	(2, 'operador');
/*!40000 ALTER TABLE `perfiles` ENABLE KEYS */;


-- Volcando estructura para tabla ipp.perfiles_det
CREATE TABLE IF NOT EXISTS `perfiles_det` (
  `id` int(11) NOT NULL AUTO_INCREMENT,
  `IdPerfil` int(11) NOT NULL DEFAULT '0',
  `Submenu` int(11) NOT NULL DEFAULT '0',
  `Menu` int(11) NOT NULL DEFAULT '0',
  `S` tinyint(4) NOT NULL,
  `U` tinyint(4) NOT NULL,
  `D` tinyint(4) NOT NULL,
  `I` tinyint(4) NOT NULL,
  `P` tinyint(4) NOT NULL,
  PRIMARY KEY (`id`),
  UNIQUE KEY `IdPerfil_2` (`IdPerfil`,`Submenu`,`Menu`),
  KEY `IdPerfil` (`IdPerfil`),
  KEY `Submenu` (`Submenu`),
  KEY `Menu` (`Menu`),
  CONSTRAINT `perfiles_det_ibfk_1` FOREIGN KEY (`IdPerfil`) REFERENCES `perfiles` (`CodPerfil`) ON DELETE CASCADE ON UPDATE CASCADE,
  CONSTRAINT `perfiles_det_ibfk_2` FOREIGN KEY (`Menu`) REFERENCES `m_menu_emp_menj` (`id`) ON DELETE CASCADE ON UPDATE CASCADE,
  CONSTRAINT `perfiles_det_ibfk_3` FOREIGN KEY (`Submenu`) REFERENCES `m_menu_emp_sub_menj` (`id`) ON DELETE CASCADE ON UPDATE CASCADE
) ENGINE=InnoDB AUTO_INCREMENT=15 DEFAULT CHARSET=utf8 COLLATE=utf8_unicode_ci;

-- Volcando datos para la tabla ipp.perfiles_det: ~11 rows (aproximadamente)
DELETE FROM `perfiles_det`;
/*!40000 ALTER TABLE `perfiles_det` DISABLE KEYS */;
INSERT INTO `perfiles_det` (`id`, `IdPerfil`, `Submenu`, `Menu`, `S`, `U`, `D`, `I`, `P`) VALUES
	(1, 4, 162, 78, 1, 1, 1, 1, 1),
	(2, 4, 165, 80, 1, 1, 1, 1, 1),
	(6, 4, 168, 83, 0, 1, 1, 1, 1),
	(7, 4, 170, 83, 0, 1, 1, 1, 1),
	(8, 4, 169, 83, 1, 1, 1, 1, 1),
	(9, 4, 166, 81, 1, 1, 1, 1, 1),
	(10, 4, 167, 82, 1, 1, 1, 1, 1),
	(11, 4, 173, 84, 0, 1, 1, 1, 1),
	(12, 4, 171, 84, 0, 1, 1, 1, 1),
	(13, 4, 172, 84, 1, 1, 1, 1, 1),
	(14, 4, 164, 79, 1, 1, 1, 1, 1);
/*!40000 ALTER TABLE `perfiles_det` ENABLE KEYS */;


-- Volcando estructura para tabla ipp.proveedor
CREATE TABLE IF NOT EXISTS `proveedor` (
  `prov_codigo` int(11) NOT NULL AUTO_INCREMENT,
  `prov_razon` int(11) DEFAULT NULL,
  `prov_id` int(11) DEFAULT NULL,
  `prov_nombre` varchar(250) COLLATE utf8_bin DEFAULT NULL,
  `prov_direccion` varchar(250) COLLATE utf8_bin DEFAULT NULL,
  `prov_status` int(11) DEFAULT NULL,
  PRIMARY KEY (`prov_codigo`),
  KEY `FK_proveedor_gen_razon_social` (`prov_razon`),
  CONSTRAINT `FK_proveedor_gen_razon_social` FOREIGN KEY (`prov_razon`) REFERENCES `gen_razon_social` (`raz_codigo`)
) ENGINE=InnoDB DEFAULT CHARSET=utf8 COLLATE=utf8_bin;

-- Volcando datos para la tabla ipp.proveedor: ~0 rows (aproximadamente)
DELETE FROM `proveedor`;
/*!40000 ALTER TABLE `proveedor` DISABLE KEYS */;
/*!40000 ALTER TABLE `proveedor` ENABLE KEYS */;


-- Volcando estructura para tabla ipp.recargar
CREATE TABLE IF NOT EXISTS `recargar` (
  `id` int(11) NOT NULL AUTO_INCREMENT,
  `URL` varchar(150) COLLATE utf8_unicode_ci NOT NULL,
  `actd` int(1) NOT NULL,
  `Accion` varchar(150) COLLATE utf8_unicode_ci NOT NULL,
  PRIMARY KEY (`id`)
) ENGINE=InnoDB AUTO_INCREMENT=358 DEFAULT CHARSET=utf8 COLLATE=utf8_unicode_ci;

-- Volcando datos para la tabla ipp.recargar: ~12 rows (aproximadamente)
DELETE FROM `recargar`;
/*!40000 ALTER TABLE `recargar` DISABLE KEYS */;
INSERT INTO `recargar` (`id`, `URL`, `actd`, `Accion`) VALUES
	(1, 'uploader/receiver.php', 0, ''),
	(2, 'recargar/recargar.php', 0, ''),
	(3, 'recargar/recargar.php', 0, ''),
	(4, 'sistema/documentos/selectorAnual.php', 0, ''),
	(5, 'sistema/documentos/selectorMes.php', 0, ''),
	(351, 'sistema/index.php', 0, ''),
	(352, 'recargar/recargar.php', 0, ''),
	(353, 'sistema/reportes/pdf_constancia.php', 0, ''),
	(354, 'recargar/recargar.php', 1, ''),
	(355, 'sistema/notificacion.php', 0, ''),
	(356, 'recargar/recargar.php', 2, ''),
	(357, 'recargar/recargar.php', 3, '');
/*!40000 ALTER TABLE `recargar` ENABLE KEYS */;


-- Volcando estructura para tabla ipp.registrados
CREATE TABLE IF NOT EXISTS `registrados` (
  `id` int(11) NOT NULL AUTO_INCREMENT,
  `nacionalidad` char(1) COLLATE utf8_unicode_ci NOT NULL DEFAULT '',
  `Usuario` int(11) NOT NULL,
  `cedula` int(11) NOT NULL DEFAULT '0',
  `Nombres` varchar(100) COLLATE utf8_unicode_ci NOT NULL,
  `Apellidos` varchar(100) COLLATE utf8_unicode_ci NOT NULL,
  `sexo` char(1) COLLATE utf8_unicode_ci NOT NULL DEFAULT '',
  `correo` varchar(100) COLLATE utf8_unicode_ci NOT NULL DEFAULT '',
  PRIMARY KEY (`id`),
  UNIQUE KEY `cedula` (`cedula`)
) ENGINE=InnoDB AUTO_INCREMENT=3 DEFAULT CHARSET=utf8 COLLATE=utf8_unicode_ci;

-- Volcando datos para la tabla ipp.registrados: ~0 rows (aproximadamente)
DELETE FROM `registrados`;
/*!40000 ALTER TABLE `registrados` DISABLE KEYS */;
INSERT INTO `registrados` (`id`, `nacionalidad`, `Usuario`, `cedula`, `Nombres`, `Apellidos`, `sexo`, `correo`) VALUES
	(2, '', 0, 19191493, 'GABRIEL ANATOLY', 'ROJAS', '', '');
/*!40000 ALTER TABLE `registrados` ENABLE KEYS */;


-- Volcando estructura para tabla ipp.titular
CREATE TABLE IF NOT EXISTS `titular` (
  `tit_codigo` int(11) NOT NULL AUTO_INCREMENT,
  `tit_nac` int(11) NOT NULL DEFAULT '0',
  `tit_cedula` int(11) DEFAULT NULL,
  `tit_nombres` varchar(100) COLLATE utf8_bin DEFAULT NULL,
  `tit_apellidos` varchar(100) COLLATE utf8_bin DEFAULT NULL,
  `tit_fecnac` date DEFAULT NULL,
  `tit_telhab` varchar(150) COLLATE utf8_bin DEFAULT NULL,
  `tit_telcel` varchar(150) COLLATE utf8_bin DEFAULT NULL,
  `tit_direccion` varchar(250) COLLATE utf8_bin DEFAULT NULL,
  `tit_correo` varchar(50) COLLATE utf8_bin DEFAULT NULL,
  `tit_status` int(11) DEFAULT NULL,
  PRIMARY KEY (`tit_codigo`)
) ENGINE=InnoDB AUTO_INCREMENT=838 DEFAULT CHARSET=utf8 COLLATE=utf8_bin;

-- Volcando datos para la tabla ipp.titular: ~750 rows (aproximadamente)
DELETE FROM `titular`;
/*!40000 ALTER TABLE `titular` DISABLE KEYS */;
INSERT INTO `titular` (`tit_codigo`, `tit_nac`, `tit_cedula`, `tit_nombres`, `tit_apellidos`, `tit_fecnac`, `tit_telhab`, `tit_telcel`, `tit_direccion`, `tit_correo`, `tit_status`) VALUES
	(16, 1, 19191493, 'gabriel anatoly', 'rojas', '1988-06-15', '0273-5350116', '0412-4289536', 'la paz', 'karpofv.89@gmail.com', 1),
	(17, 1, 8573655, 'JUAN vicente', 'LAYA GAMEZ', '1964-10-11', '2735416216', '4145567271', 'bARINAS', 'jlaya@hotmail.com', 2),
	(18, 1, 4302781, 'matilde', 'araujo', '1957-01-01', '', '0', 'guanare', 'matiaraujo@cantv.net', 1),
	(19, 1, 4262180, 'ALIDA', 'gonzales', '1956-10-10', '5555', '5555', 'BARINAS', 'alida23@gmail.com', 1),
	(20, 1, 5134696, 'xiomara', 'agreda', '1957-05-01', '2735412172', '4143573881', 'barinas', 'xagreda@mns.com', 2),
	(21, 1, 4006469, 'ZARITZA', 'BERNAY', '1949-08-01', '5555', '5555', 'BARINAS', 'WCGA@HOTMAIL.COM', 2),
	(22, 1, 80303487, 'jorge ', 'barreda espinoza', '1945-04-19', '2418918575', '4163305536', 'san fernando', 'jbespi@hotmail.com', 2),
	(23, 1, 3990272, 'alba', 'lobo de pinto', '1955-07-10', '4261415157', '0', 'san fernando', 'pintoalba@hotmail.com', 2),
	(24, 1, 9876083, 'manuel', 'rincon', '1925-09-05', '0', '4261415157', 'apure (+)', 'virgicarl@hotmail.com', 2),
	(25, 1, 429951, 'francisco', 'montes', '1931-06-11', '0', '4261415157', 'san fernando', 'virgicarl@hotmail.com', 2),
	(26, 1, 5207140, 'sabrina josefina', 'perez', '1957-12-05', '0', '4145956229', 'san carlos', 'sabrinaph@cantv.net', 2),
	(27, 1, 4096408, 'jorge', 'silva', '1954-11-24', '0', '4124410334', 'san carlos.', 'viniladre@hotmail.com', 2),
	(28, 1, 6211848, 'AGUSTIN', 'PACHECO', '1947-10-31', '2512557568', '4166509983', 'GUANARE', 'guscofo@gmail.com', 2),
	(29, 1, 10991563, 'LUZ DARI', 'MIRANDA', '1942-07-03', '0', '2584334058', 'SAN CARLOS', 'Idmiranda65@gmail.com', 2),
	(30, 1, 10053869, 'aziz', 'ieman', '1968-05-08', '2572539688', '4245043526', 'guanare', 'imanziz@hotmail.com', 2),
	(31, 1, 2601594, 'MARIA GISELA', 'CONTRERAS', '1951-12-28', '0', '2572512258', 'GUANARE (+)', 'virgicarl@hotmail.com', 2),
	(32, 1, 3205661, 'julio', 'gelvez', '1948-02-17', '', '2572512258', 'guanare', 'julio.gelvez@gmail.com', 2),
	(33, 1, 9539882, 'ivis josefina', 'quiroz ruiz', '1966-09-27', '', '4145956876', 'san carlos', 'ivisjqr@cantv.net', 2),
	(34, 1, 2455227, 'jose', 'CONTRERAS', '1943-11-23', '0', '4143570432', 'guanare', 'josecontreras_11@hotmail.com', 2),
	(35, 1, 3867656, 'jose', 'casal', '1952-06-28', '2556210646', '4140358595', 'guanare', 'jrcasalh@yahoo.es', 2),
	(36, 1, 3186368, 'richard', 'schargel', '1938-08-09', '0', '2572512258', 'guanare', 'rschargel@cantv.net', 2),
	(37, 1, 3564453, 'isabel', 'montoya', '1949-02-22', '4141390201', '2735411592', 'barinas.', 'ymontoya5@hotmail.com', 2),
	(38, 1, 14732612, 'glenda', 'naya', '1981-09-17', '0', '2572512258', 'guanare', 'qwayal17@hotmail.com', 2),
	(39, 1, 3691659, 'VICTOR', 'sanchez', '1954-01-31', '0', '2584334058', 'san carlos.', 'victorsan554@hotmail.com', 2),
	(40, 1, 9874445, 'mariela', 'hernandez', '1969-11-24', '', '4261415157', 'san fernando', 'myhernandez@cantv.net', 2),
	(41, 1, 4667998, 'jesus', 'aponte', '1960-01-30', '2478085759', '4141835362', 'san fernando', 'apontes.j@hotmail.com', 2),
	(42, 1, 10535592, 'sergio ', 'aravena s', '1936-04-08', '', '0', 'apure', 'virgicarl@hotmail.com', 2),
	(43, 1, 2979172, 'yolanda', 'PACHECO', '1943-03-27', '0', '2735411592', 'barinas', 'virgicarl@hotmail.com', 2),
	(44, 1, 5138881, 'JOSE EDMUNDO', 'ANGARITA', '1947-06-08', '0', '2735411592', 'BARINAS', 'virgicarl@hotmail.com', 2),
	(45, 1, 13229689, 'darjeling', 'silva', '1976-03-03', '0', '2735411592', 'barinas', 'darjeling_diaz@hotmail.com', 2),
	(46, 1, 9539468, 'miguel', 'torrealba', '1967-12-05', '0', '2584334058', 'san carlos.', 'torrealbap38@hotmail.com', 2),
	(47, 1, 12432089, 'llelymar', 'crespo', '1975-04-03', '0', '2584334058', 'san carlos.', 'lleli.crespo@gmail.com', 2),
	(48, 1, 4925989, 'iris', 'rosales', '1958-08-22', '0', '2735411592', 'barinas', 'yirisleon@hotmail.com', 2),
	(49, 1, 4259244, 'angela', 'franco', '1953-08-02', '0', '4145715810', 'barinas.', 'angelafranco@interlink.net.ve', 2),
	(50, 1, 3174250, 'hildergar', 'capriles', '1944-12-15', '2122838285', '4265107333', 'barinas', 'cangarita@terra.com.ve', 2),
	(51, 1, 4925979, 'MILAGROS', 'SEGOVIA', '1956-10-12', '0', '4145674608', 'BARINAS.', 'magosegovia@hotmail.com', 2),
	(52, 1, 3593128, 'carlos', 'CARRILLO', '1950-05-05', '0', '4145697600', 'barinas', 'cocarrillor@hotmail.com', 2),
	(53, 1, 1237591, 'rosa', 'teran', '1932-06-06', '0', '2735411592', 'barinas', 'rositateran32@hotmail.com', 2),
	(54, 1, 3324780, 'juana', 'alvarez', '1949-06-10', '', '0', 'barinas.', 'virgicarl@hotmail.com', 2),
	(55, 1, 10562796, 'NASSER', 'AzKoUL ABOu hanze', '1970-01-19', '2735412520', '4145677958', 'BARINAS', 'azkoulnasser@hotmail.com', 2),
	(56, 1, 5302243, 'ivan', 'leal', '1959-01-15', '0', '2735411592', 'barinas', 'virgicarl@hotmail.com', 2),
	(57, 1, 5023527, 'juan francisco', 'ramirez', '1951-06-27', '0', '2735411592', 'barinas', 'jfranciscounellez@yahoo.com', 2),
	(58, 1, 9592302, 'naile', 'mirabal', '1966-09-10', '2473411571', '4144752930', 'san fernando.', 'nailedeleon@yahoo.es', 2),
	(59, 1, 2233517, 'carlos', 'schwarzberg', '1948-09-24', '0', '4245495588', 'barinas', 'carlosramon1948@hotmail.com', 2),
	(60, 1, 4238996, 'juan', 'galindez', '1956-10-29', '0', '4145757483', 'barinas.', 'galindezq@hotmail.com', 2),
	(61, 1, 9135156, 'luz omaira', 'cuellar', '1958-10-21', '0', '4143734333', 'barinas (Pensionado)', 'luzomairacuellar@gmail.com', 2),
	(62, 1, 10059393, 'marelvy', 'sanoja', '1971-03-04', '0', '2572512258', 'guanare', 'marelvy@hotmail.com', 2),
	(63, 1, 3427340, 'yolanda', 'mora', '1946-02-27', '0', '4141588469', 'barinas.', 'virgicarl@hotmail.com', 2),
	(64, 1, 9988032, 'jose gregorio', 'ramirez', '1965-09-03', '0', '4145785488', 'barinas', 'jrdomo@hotmail.com', 2),
	(65, 1, 2449104, 'pedro', 'jauregui', '1943-07-11', '0', '4145681511', 'barinas', 'pjaugueri@hotmail.com', 2),
	(66, 1, 2501122, 'clemente', 'quintero', '1943-11-20', '', '4145670360', 'barinas.', 'cquinte@unellez.edu.ve', 2),
	(67, 1, 3916349, 'rafael ', 'diaz r', '1952-03-14', '', '0', 'barinas', 'virgicarl@hotmail.com', 1),
	(68, 1, 3592592, 'marisol', 'aguirre', '1955-06-27', '0', '4167732801', 'barinas.', 'maguirresol@hotmail.com', 2),
	(69, 1, 11243225, 'alexis', 'hernandez', '1971-01-01', '0', '4163141421', 'san fernando.', 'hercal33@hotmail.com', 2),
	(70, 1, 9265539, 'jose julian', 'volcan', '2011-11-04', '0', '2735331109', 'barinas.', 'virgicarl@hotmail.com', 2),
	(71, 1, 5329311, 'jose', 'perdomo', '1959-03-27', '4245103668', '4145500126', 'barinas.', 'jgpl311@hotmail.com', 2),
	(72, 1, 4259892, 'jose maria', 'delgado', '1957-05-01', '0', '4145707829', 'barinas.', 'chemadelgado@interlink.net.ve', 2),
	(73, 1, 8068708, 'yadira', 'cordero', '1966-08-31', '0', '2572512258', 'guanare', 'cyadiraramona@yahoo.es', 2),
	(74, 1, 4807994, 'oscar', 'brull', '1956-04-26', '0', '4269306257', 'san fernando', 'ramphi56@hotmail.com', 2),
	(75, 1, 2610356, 'ramon', 'ramirez', '1941-11-07', '0', '2735411592', 'barinas (fallecido)', 'virgicarl@hotmail.com', 2),
	(76, 1, 8198584, 'YADALA', 'ABOUHDOUR', '1964-06-06', '0', '4144751500', 'SAN FERNANDO.', 'eyadala@hotmail.com', 2),
	(77, 1, 9617910, 'EDWING', 'VIVAS', '2005-03-11', '', '2584334058', 'SAN CARLOS.', 'evivas7@gmail.com', 2),
	(78, 1, 3891923, 'orlan', 'perez', '1952-10-28', '0', '4265435881', 'san carlos.', 'orlan.perez@hotmail.com', 2),
	(79, 1, 7739472, 'carlos', 'aponte', '1961-07-28', '0', '2572512258', 'GUANARE.', 'carlosmanuel.apontemarquez@gmail.com', 2),
	(80, 1, 9382774, 'nidia', 'quintero', '1966-12-15', '', '4245983945', 'barinas.', 'nidiaquintero4@hotmail.com', 2),
	(81, 1, 3133201, 'candido', 'paredes', '1948-10-23', '0', '4168728370', 'barinas.', 'candidopared@hotmail.com', 2),
	(82, 1, 11597049, 'shelimar', 'palencia', '1974-07-27', '0', '4166747707', 'barinas.', 'virgicarl@hotmail.com', 2),
	(83, 1, 8190962, 'NERYS', 'LUNA', '1963-07-12', '', '4141509711', 'SAN FERNANDO.', 'aniballuna2005@hotmail.com', 2),
	(84, 1, 541881, 'LUIS ENRIQUE', 'MACHADO', '1941-08-28', '2584334058', '4244944565', 'SAN CARLOS.', 'virgicarl@hotmail.com', 2),
	(85, 1, 1344384, 'ANGEL', 'VELAZQUEZ', '1941-02-25', '2584334058', '0', 'SAN CARLOS (fallecido)', 'angelvelazquezlugo@hotmail.com', 2),
	(86, 1, 5734938, 'PEDRO', 'SALAZAR', '1959-07-24', '0', '2572512258', 'guanare.', 'psalazar@unellez.edu.ve', 2),
	(87, 1, 4632167, 'neptali', 'ortega', '1957-04-13', '0', '0', 'barinas', 'virgicarl@hotmail.com', 2),
	(88, 1, 13682429, 'jose vicente', 'rojas', '1977-09-24', '', '4145729059', 'barinas.', 'jv_rojas@hotmail.com', 2),
	(89, 1, 9182491, 'FLORO TULIO', 'VARGAS', '1962-03-13', '', '4169784169', 'BARINAS.', 'vargas-tulio@hotmail.com', 2),
	(90, 1, 3449606, 'JAIRO', 'ARAQUE GALVIS', '1953-12-24', '2735412168', '4143733577', 'BARINAS', 'monedasybilletes53@hotmail.com', 2),
	(91, 1, 4263082, 'VITA', 'GIATTINI PIAZZA', '1957-08-24', '', '4145714692', 'BARINAS', 'vitagiattini@hotmail.com', 2),
	(92, 1, 5125884, 'diosa', 'medina', '1959-02-19', '0', '414680074', 'barinas', 'diosamedina@hotmail.com', 2),
	(93, 1, 10826248, 'jose', 'romero', '1937-08-28', '0', '2735411592', 'barinas', 'virgicarl@hotmail.com', 2),
	(94, 1, 3523386, 'reinaldo', 'morales', '1949-01-30', '2418235420', '4148732107', 'barinas', 'reinaldodelcarmen@hotmail.com', 2),
	(95, 1, 3009955, 'francisco jose', 'hernandez', '1943-12-14', '2572568279', '4163543004', 'guanare.', 'franciscohernandez1993@hotmail.com', 2),
	(96, 1, 5564666, 'jose', 'FLORES', '1960-01-03', '0', '4245985978', 'BARINAS', 'floresrondon@gmail.com', 2),
	(97, 1, 3916768, 'VICTORIA', 'tomassetti', '1953-09-24', '0', '4245096883', 'barinas.', 'virgicarl@hotmail.com', 2),
	(98, 1, 3585182, 'luis', 'gonzalez', '1948-01-28', '0', '0', 'barinas', 'virgicarl@hotmail.com', 2),
	(99, 1, 8841037, 'glenys', 'perez', '1967-02-20', '0', '424494428', 'san carlos', 'glenysper@gmail.com', 2),
	(100, 1, 4086440, 'morella', 'marquez', '1955-02-15', '', '4144749871', 'san fernando', 'moresos@gmail.com', 2),
	(101, 1, 5398533, 'rosalia', 'crispi', '1960-05-05', '0', '4145920500', 'san carlos.', 'rocacrispy@hotmail.com', 2),
	(102, 1, 3793686, 'luis', 'ruiz', '1948-09-14', '0', '4167775159', 'san fernando', 'luer48@hotmail.com', 2),
	(103, 1, 3120306, 'Frank', 'morales rojas', '1948-10-16', '257255851', '4145750688', 'guanare', 'morales.fr@gmail.com', 2),
	(104, 1, 10408211, 'acevedo c', 'guido a', '1971-04-03', '', '4166024295', 'barinas', 'guidoacevedo@hotmail.com', 2),
	(105, 1, 5237076, 'zulay c', 'acosta de g', '1956-07-25', '', '4245328629', 'barinas', 'Zulay_acosta@hotmail.com', 2),
	(106, 1, 4954670, 'alexis de j', 'alarcon v', '1960-08-06', '', '4245613934', 'barinas', 'alviel40@hotmail.com', 2),
	(107, 1, 9388383, 'maria', 'albarran de n', '1968-01-19', '', '4245479950', 'barinas', 'selene2sol@hotmail.com', 2),
	(108, 1, 8131313, 'jesus manueal', 'tapia', '1959-08-18', '', '4245966916', 'basrinas', 'jtapia@unellez.edu.ve', 2),
	(109, 1, 8139852, 'betsi', 'arcila de d', '1960-04-12', '', '4161765309', 'barinas', 'betsico@gmail.com', 2),
	(110, 1, 8141051, 'franci', 'artahona', '1962-08-25', '', '4145670514', 'barinas', 'franvazq1941@hotmail.com', 2),
	(111, 1, 3796524, 'alba l', 'avilan d', '1952-01-06', '', '0', 'barinas', 'alavilan@gmail.com', 2),
	(112, 1, 12206857, 'bernardo', 'azocar s', '1974-05-21', '', '4145490344', 'barinas', 'berazocar@gmail.com', 2),
	(113, 1, 3295775, 'ramon', 'barrios m', '1946-08-12', '', '0', 'barinas', 'virgicarl@hotmail.com', 2),
	(114, 1, 3590765, 'genry a', 'becerra c', '1952-04-07', '', '4145681175', 'barinas', 'genrybecerra50@hotmail.com', 2),
	(115, 1, 3435506, 'sonia del p', 'blanco de p', '1945-12-19', '', '4166730261', 'barinas', 'soniablancoos@hotmail.com', 2),
	(116, 1, 4857770, 'oscar a', 'bolivar', '1955-01-01', '', '4144201792', 'barinas', 'oscarbolivar5@gmail.com', 2),
	(117, 1, 8011554, 'jose maximo', 'briceno', '1960-09-27', '', '4168739609', 'barinas', 'kantbrin@yahoo.com', 2),
	(118, 1, 13063684, 'yasmin', 'briceno santafe', '1976-07-04', '2735322931', '4145656545', 'barinas', 'yasbrice@gmail.com', 2),
	(119, 1, 9384269, 'carlos', 'briceno', '1964-11-21', '2735334235', '4143738620', 'barinas', 'cabriceo@hotmail.com', 2),
	(120, 1, 4259896, 'wilfredo', 'briceno', '1957-12-20', '', '0', 'barinas', 'virgicarl@hotmail.com', 2),
	(121, 1, 12206904, 'belitza m', 'caceres', '1975-08-09', '', '4148304487', 'barinas', 'belitcaceres@hotmail.com', 2),
	(122, 1, 9128632, 'LUIS GERMAN', 'CALATRAVA MORa', '1964-09-27', '', '0', 'barinas', 'virgicarl@hotmail.com', 2),
	(123, 1, 3915169, 'mercedes', 'camacho avila', '1954-10-20', '2735330513', '4145722559', 'barinas', 'mercavi@hotmail.com', 2),
	(124, 1, 5031527, 'julio a', 'carrillo', '1957-01-12', '', '4143733261', 'barinas', 'juliocarrillofadul@hotmail.com', 2),
	(125, 1, 6034249, 'david a', 'carvajal', '1961-04-04', '', '0', 'barinas', 'dcar39@hotmail.com', 2),
	(126, 1, 11126909, 'luis e', 'castellano a', '1973-04-01', '4145681700', '2735330722', 'barinas', 'lcastella@gmail.com', 2),
	(127, 1, 11715565, 'elisa', 'castellano', '2012-09-19', '2736350950', '4245448374', 'barinas', 'elisajose35@hotmail.com', 2),
	(128, 1, 3852620, 'eumenides', 'cequea q', '1955-04-12', '', '4145684100', 'barinas', 'ecequea3@hotmail.com', 2),
	(129, 1, 11189977, 'jesus w', 'cerda q ', '1972-01-02', '', '4145765304', 'barinas', 'cjesus72@interlink.net.ve', 2),
	(130, 1, 9805290, 'linette m', 'colmenares c', '1968-05-23', '', '4145713595', 'barinas', 'linettec@gmail.com', 2),
	(131, 1, 11192198, 'tamara l', 'colmenares p', '1971-01-31', '2735410189', '4145756493', 'barinas', 'tamara_lizeth@hotmail.com', 2),
	(132, 1, 4104655, 'luz c', 'colmenares t', '1954-03-31', '2735419356', '4245903174', 'barinas', 'luzcecili@hotmail.com', 2),
	(133, 1, 2475531, 'henry de j', 'colmenares', '1954-04-17', '', '0', 'barinas', 'virgicarl@hotmail.com', 2),
	(134, 1, 4260144, 'douglas a', 'contreras ', '1957-10-10', '2736114324', '4245289714', 'barinas', 'douglas_c979@yahoo.es', 2),
	(135, 1, 4258034, 'luis r', 'cordero b', '1954-04-10', '', '4145670424', 'barinas', 'luiscord@interlink.net.ve', 2),
	(136, 1, 8059887, 'carlos', 'davila r', '1951-02-16', '', '4145670810', 'barinas', 'cdavilariaza@gmail.com', 2),
	(137, 1, 8146249, 'catherina', 'de luca de c', '1964-01-15', '2735527501', '4245256013', 'Barinas', 'catherinadeluca5@gmail.com', 2),
	(138, 1, 5095498, 'nelly j', 'diaz de c', '1960-12-12', '4149519419', '2735330632', 'barinas', 'nellydiazr1205@hotmail.com', 2),
	(139, 1, 3592167, 'manuel del j', 'diaz r', '1949-04-16', '2732226652', '4141589206', 'barinas', 'manueld86c@hotmail.com', 2),
	(140, 1, 9385959, 'salvador', 'dilluvio herrera', '1966-03-13', '', '4166024569', 'barinas', 'salvadordilluvio@hotmail.com', 2),
	(141, 1, 9384348, 'adan ramon', 'dlima lopez', '1967-10-17', '', '4145458356', 'barinas', 'adandlima@hotmail.com', 2),
	(142, 1, 13486445, 'carlos alberto', 'fagilde c', '1979-04-24', '', '0', 'barinas', 'carlosfagilde@yahoo.com', 2),
	(143, 1, 14662467, 'karlin', 'fergusson colmenares', '1978-02-12', '2735417017', '4245031554', 'barinas', 'karlinfergusson@hotmail.com', 2),
	(144, 1, 9368008, 'marisela', 'ferrer v', '1970-11-04', '', '4141584699', 'barinas', 'ferrer275@hotmail.com', 2),
	(145, 1, 3866087, 'jose de la cruz', 'fleitas', '1950-05-03', '2734169312', '4145692851', 'BARINAS', 'jfleitas2006@hotmail.com', 2),
	(146, 1, 19087320, 'nelson', 'flores castillo', '1969-08-20', '', '0', 'barinas', 'virgicarl@hotmail.com', 2),
	(147, 1, 3768048, 'jose a', 'flores h', '1949-08-23', '', '0', 'barinas', 'jfloreshurtado@hotmail.com', 2),
	(148, 1, 5266026, 'yanila e', 'freites de p', '1957-11-03', '', '4245103668', 'barinas', 'yanilafreites@hotmail.com', 2),
	(149, 1, 4089624, 'miguel', 'garcia j', '1953-09-24', '', '0', 'barinas', 'virgicarl@hotmail.com', 2),
	(150, 1, 4239157, 'pedro', 'GARCIA ', '1955-08-24', '', '0', 'barinas', 'pedrovet5@gmail.com', 2),
	(151, 1, 4239288, 'juan a', 'garcia r', '1957-06-12', '2735525613', '4140738506', 'barinas', 'juanarturo50@hotmail.com', 2),
	(152, 1, 3871884, 'jose inocente', 'garcia vasquez', '1950-12-28', '', '0', 'barinas', 'jogar_28@hotmail.com', 2),
	(153, 1, 3950116, 'carlos r', 'garcia', '1954-10-22', '', '4140736444', 'barinas', 'cargarcia22@hotmail.com', 2),
	(154, 1, 4263535, 'jesus i', 'garrido p', '1957-12-25', '', '4145681107', 'barinas', 'jgarridoperez@hotmail.com', 2),
	(155, 1, 4263119, 'carlos e', 'godoyr', '1958-04-03', '', '4245849636', 'barinas', 'datakey@cantv.net', 2),
	(156, 1, 3914329, 'alexis', 'gomez b', '1954-09-28', '', '4162747605', 'barinas', 'algombri@gmail.com', 2),
	(157, 1, 7207404, 'cecilia', 'gomez m', '1962-04-01', '', '0', 'barinas', 'cecigomezmi@gmail.com', 2),
	(158, 1, 9989021, 'edgar e', 'gomez m', '1965-03-14', '', '0', 'barinas', 'virgicarl@hotmail.com', 2),
	(159, 1, 10237383, 'beatriz', 'gonzalez rojas', '1969-12-24', '', '4147460947', 'barinas', 'beatrizgonzalezrojas@hotmail.com', 2),
	(160, 1, 6501654, 'elis o ', 'GONZALEZ', '1963-07-17', '', '4245584053', 'barinas', 'omides2@gmail.com', 2),
	(161, 1, 4264254, 'marly ', 'GONZALEZ', '1956-07-27', '', '4140735285', 'barinas', 'gonzalez.marli@gmail.com', 2),
	(162, 1, 3949619, 'carlos a', 'guerra s', '1952-12-23', '', '0', 'barinas', 'cguerra2312@hotmail.com', 2),
	(163, 1, 12201613, 'lisbeth y', 'guerra u', '1973-05-10', '', '0', 'barinas', 'lisbethg480@hotmail.com', 2),
	(164, 1, 4489404, 'zulay ', 'guerrero de b', '1956-05-26', '2735410379', '0', 'barinas', 'zulayguer@gmail.com', 2),
	(165, 1, 10714922, 'oscar a', 'guillen s', '1970-10-11', '2735339036', '4145722993', 'barinas', 'oscarguillen31@hotmail.com', 2),
	(166, 1, 13076166, 'gyzel r', 'guillent', '1976-06-07', '2735332502', '4145950219', 'barinas', 'gyzelgui@gmail.com', 2),
	(167, 1, 8150219, 'mayre del m', 'herrera marquez', '1959-04-14', '', '4145697259', 'barinas', 'matiyurearauca@gmail.com', 2),
	(168, 1, 3914510, 'wirady r', 'herrera s', '1953-12-14', '2735410546', '4149730149', 'barinas', 'wrobertoh@hotmail.com', 2),
	(169, 1, 2476028, 'vicente i', 'jimenez r', '1953-09-30', '', '4145149967', 'barinas', 'vici53@hotmail.com', 2),
	(170, 1, 3590889, 'carlos m', 'lara', '1950-08-08', '2735411421', '4145702688', 'barinas', 'cmlm50@hotmail.com', 2),
	(171, 1, 3950889, 'xxxx', 'xxxxxx', '2012-09-21', '', '0', 'jkhjhj', 'virgicarl@hotmail.com', 1),
	(172, 1, 3749574, 'denny r', 'leon a', '1953-07-22', '', '0', 'barinas', 'dennileon@gmail.com', 2),
	(173, 1, 10562730, 'karen e', 'lopez de d', '1970-05-25', '', '0', 'barinas', 'virgicarl@hotmail.com', 2),
	(174, 1, 7074511, 'aida c', 'lopez luciani', '1962-09-08', '', '4145397296', 'barinas', 'alopezluciani@hotmail.com', 2),
	(175, 1, 8142689, 'haydee', 'lopez r', '1962-01-13', '', '0', 'barinas', 'haydee.cristo@gmail.com', 2),
	(176, 1, 7354099, 'pausides r', 'lopez', '1961-08-06', '', '0', 'barinas', 'paulos@cantv.net', 2),
	(177, 1, 9987362, 'zoleida ', 'lovera de s', '1968-03-04', '', '0', 'barinas', 'virgicarl@hotmail.com', 2),
	(178, 1, 1574765, 'jorge alfonzo ', 'marino sanchez', '1933-05-10', '', '4245868287', 'barinas', 'joralfmar@gmail.com', 2),
	(179, 1, 7649506, 'argenis', 'marquina p', '1962-10-29', '', '4245580303', 'barinas', 'argenismarquinaperez@gmail.com', 2),
	(180, 1, 13063643, 'jose g', 'martinez o', '1976-05-01', '', '0', 'barinas', 'virgicarl@hotmail.com', 2),
	(181, 1, 4948919, 'moises undalicio', 'mata aponte', '2012-09-24', '', '4166769467', 'barinas', 'mataaponte@gmail.com', 2),
	(182, 1, 9184940, 'jose i', 'mejias g', '1966-04-21', '', '0', 'barinas', 'virgicarl@hotmail.com', 2),
	(183, 1, 11960160, 'alicia j', 'mejias l', '1964-07-05', '', '4164740187', 'barinas', 'aliciamejias@unellez.edu.ve', 2),
	(184, 1, 3119036, 'rafael ', 'mendez v', '1946-03-26', '', '0', 'barinas', 'bere1478@hotmail.com', 2),
	(185, 1, 4199357, 'narciso de j', 'mendoza colmenares', '1955-08-12', '', '4264761474', 'barinas', 'njesusmendoza@gmail.com', 2),
	(186, 1, 8145895, 'maria a', 'mendoza', '1963-08-10', '', '0', 'barinas', 'mariadela10@gmail.com', 2),
	(187, 1, 3398451, 'norelky', 'meza d', '1949-02-15', '', '0', 'barinas', 'norelkys@gmail.com', 2),
	(188, 1, 6290480, 'yelitza', 'mogollon d', '1969-02-05', '', '0', 'barinas', 'virgicarl@hotmail.com', 2),
	(189, 1, 9268764, 'deniz l', 'molina de c', '1964-07-20', '', '0', 'barinas', 'virgicarl@hotmail.com', 2),
	(190, 1, 4264054, 'juan r', 'molina m', '1958-05-02', '', '0', 'barinas', 'virgicarl@hotmail.com', 2),
	(191, 1, 3131439, 'doris j', 'molina r', '1950-12-02', '', '4145677339', 'barinas', 'djmr00@hotmail.com', 2),
	(192, 1, 4255762, 'ramon e', 'molina', '1956-02-23', '', '0', 'barinas', 'virgicarl@hotmail.com', 2),
	(193, 1, 12205929, 'maryelis', 'montero serrano', '1975-04-19', '', '0', 'barinas', 'msmaryelis@hotmail.com', 2),
	(194, 1, 8135690, 'eddy m', 'mora de', '1955-05-01', '', '4141595251', 'barinas', 'eddymora15@hotmail.com', 2),
	(195, 1, 6518841, 'josmer c', 'navarro z', '1969-06-22', '', '4245088575', 'barinas', 'josmern@gmail.com', 2),
	(196, 1, 960273, 'cesar h', 'nino o', '1932-11-22', '', '4246914273', 'barinas', 'selene2sol@hotmail.com', 2),
	(197, 1, 10059908, 'ruben d', 'ochoa a', '1970-05-09', '', '0', 'barinas', 'virgicarl@hotmail.com', 2),
	(198, 1, 13501207, 'carlos j', 'ojeda a', '1976-12-03', '', '4141593462', 'barinas', 'cursounellez@gmail.com', 2),
	(199, 1, 5733651, 'luz marina', 'ostos fulco', '1958-11-17', '', '0', 'barinas', 'virgicarl@hotmail.com', 2),
	(200, 1, 9481445, 'freddy enrique', 'ovalles villegas', '1967-06-28', '2735419908', '4245083517', 'barinas', 'zamorabarinas@hotmail.com', 2),
	(201, 1, 2889657, 'manuel f', 'paez c', '1946-06-20', '2735410278', '4145670594', 'barinas', 'mpaezcg@cantv.net', 2),
	(202, 1, 6296152, 'german', 'pallares m', '1949-11-03', '2735331070', '4145681055', 'barinas', 'germanpallmor@hotmail.com', 2),
	(203, 1, 3816632, 'maria ', 'pascual de f', '1947-10-28', '', '0', 'barinas', 'virgicarl@hotmail.com', 2),
	(204, 1, 15074602, 'wilmer a', 'pereira v', '1980-12-01', '', '4149721652', 'barinas', 'wpereiravera@yahoo.com', 2),
	(205, 1, 14806894, 'dulmar del carmen', 'perez ramirez', '1979-07-23', '', '4166771730', 'barinas', 'dulmarperez1@yahoo.com', 2),
	(206, 1, 4923077, 'luis e', 'perozo', '1958-04-18', '', '4162744857', 'barinas', 'luisperozo@gmail.com', 2),
	(207, 1, 12207014, 'dianosky y', 'pulido g', '1975-06-15', '2736631227', '4245585047', 'barinas', 'dianosky6972@hotmail.com', 2),
	(208, 1, 6810596, 'nohema ', 'quintero m', '1964-06-22', '2735410679', '4145495232', 'barinas', 'quintemary@gmail.com', 2),
	(209, 1, 12202744, 'arturo j', 'ramirez f', '1968-06-25', '2735631051', '4145714718', 'barinas', 'artu1618@hotmail.com', 2),
	(210, 1, 9986580, 'gilber a', 'ramirez', '1968-09-16', '', '0', 'barinas', 'virgicarl@hotmail.com', 2),
	(211, 1, 3620087, 'eduardo', 'ramirez', '1949-01-23', '', '0', 'barinas', 'virgicarl@hotmail.com', 2),
	(212, 1, 15031179, 'anerkis c', 'ramirez u', '1981-05-06', '', '0', 'barinas', 'virgicarl@hotmail.com', 2),
	(213, 1, 4932123, 'gladys e', 'rangel g', '1958-07-20', '', '0', 'barinas', 'virgicarl@hotmail.com', 2),
	(214, 1, 11370968, 'leodan e', 'rangel v', '1973-05-30', '', '0', 'barinas', 'virgicarl@hotmail.com', 2),
	(215, 1, 4256808, 'luis m', 'rivas a', '1953-06-02', '', '4143735363', 'barinas', 'Imrivas@yahoo.com', 2),
	(216, 1, 3914085, 'humberto r', 'rivero b', '1951-04-12', '', '0', 'barinas', 'riveromundo@hotmail.com', 2),
	(217, 1, 8136520, 'igor roberto', 'rivero chavez', '1959-11-10', '2735465297', '4169725726', 'barinas', 'ygorivero@hotmail.com', 2),
	(218, 1, 11191166, 'onaida', 'roa de torres', '1970-04-14', '2735419572', '4166691274', 'barinas', 'onairt@hotmail.com', 2),
	(219, 1, 4260663, 'antonio', 'rodriguez lino', '1956-02-18', '', '4165782848', 'barinas', 'linrro@yahoo.es', 2),
	(220, 1, 15447984, 'jesus f', 'rodriguez lopez', '1981-10-01', '', '4245099640', 'barinas', 'jesusfco_rodriguez@hotmail.com', 2),
	(221, 1, 4669924, 'carmen a', 'rojas c', '1957-06-04', '2735331472', '4145689884', 'barinas', 'cauroca2010@hotmail.com', 2),
	(222, 1, 3915782, 'freddy', 'rojas g', '1950-06-09', '', '0', 'barinas', 'virgicarl@hotmail.com', 2),
	(223, 1, 3567288, 'francisco v', 'rojas n', '1949-01-07', '', '0', 'barinas', 'palenque33@gmail.com', 2),
	(224, 1, 4774335, 'alejandro a', 'rojnik', '1959-11-16', '', '4167497083', 'barinas', 'alejandrorojnik@gmail.com', 2),
	(225, 1, 9183057, 'beatriz ', 'rosales de p', '1965-10-19', '', '0', 'barinas', 'beatriz_unellez_57@hotmail.com', 2),
	(226, 1, 8918584, 'marvis j', 'rumbos g', '1967-03-10', '', '0', 'barinas', 'marvis_rumbos@yahoo.es', 2),
	(227, 1, 9381365, 'jose g', 'salas s', '1966-04-08', '', '4145678548', 'barinas', 'josegsalass@gmail.com', 2),
	(228, 1, 12655481, 'menjamin alberto', 'salas zerpa', '1976-10-12', '', '4124253146', 'guanare', 'msalas@unellez.edu.ve', 2),
	(229, 1, 4931224, 'aillen', 'schwarzemberg c', '1960-06-13', '', '0', 'barinas', 'virgicarl@hotmail.com', 2),
	(230, 1, 11194705, 'neida m', 'simancas o', '1971-12-03', '', '4149573859', 'barinas', 'neidasimancas@hotmail.com', 2),
	(231, 1, 8886922, 'eliner cristina', 'perez solano', '1966-10-28', '', '4264729456', 'barinas', 'elinersolano@hotmail.com', 2),
	(232, 1, 12551205, 'gabriel', 'solorzano g', '1952-12-02', '2735413533', '4145686192', 'barinas', 'gabosolorzanog@gmail.com', 2),
	(233, 1, 8470881, 'martin j', 'tenias p', '1964-09-20', '', '4143738987', 'barinas', 'martintenias@inter.net.ve', 2),
	(234, 1, 2504867, 'manuel ', 'tovar tirso', '1942-01-28', '', '0', 'barinas', 'virgicarl@hotmail.com', 2),
	(235, 1, 3617884, 'balmore ', 'uviedo p', '1949-09-15', '', '0', 'barinas', 'virgicarl@hotmail.com', 2),
	(236, 1, 5646502, 'miguel a', 'varela p', '1958-07-06', '', '4162777043', 'barinas', 'miguelangelvarelapreira@yahoo.es', 2),
	(237, 1, 15537367, 'maria g', 'velasquez', '1981-12-12', '', '4145524468', 'barinas', 'mariga25@hotmail.com', 2),
	(238, 1, 9871269, 'miguel a', 'villanueva n', '1967-09-16', '2735418447', '4145690313', 'barinas', 'miguelvillan@gmail.com', 2),
	(239, 1, 4360881, 'gloria g', 'zuccaro de c', '1955-05-16', '273541244', '4245605347', 'barinas', 'gloriazuccaro758@gmail.com', 2),
	(240, 1, 6429681, 'edeltri s', 'soto q', '1963-12-16', '', '0', 'barinas', 'coromotico_1996@hotmail.com', 2),
	(241, 1, 3834715, 'santa', 'marcuzzi g', '1954-02-23', '', '0', 'barinas (PEnsionado)', 'virgicarl@hotmail.com', 2),
	(242, 1, 2756934, 'jose s', 'moreno a', '1944-10-10', '', '0', 'barinas', 'virgicarl@hotmail.com', 2),
	(243, 1, 3291757, 'pedro m', 'rodriguez m', '1946-11-03', '', '0', 'barinas', 'virgicarl@hotmail.com', 2),
	(244, 1, 3916339, 'aurora m', 'acosta', '1955-02-08', '', '4141592707', 'barinas', 'auroraacosta0402@gmail.com', 2),
	(245, 1, 3810960, 'freddy', 'bolivar', '2012-09-26', '', '0', 'barinas', 'virgicarl@hotmail.com', 2),
	(246, 1, 4302550, 'antonio j', 'canelones q', '1955-01-07', '2738083011', '4145704693', 'barinas', 'ananseba3@hotmail.com', 2),
	(247, 1, 8134344, 'fredi j', 'castillo s', '1959-06-08', '', '0', 'barinas', 'virgicarl@hotmail.com', 2),
	(248, 1, 9184871, 'leny r', 'chacon p', '1967-07-30', '2782220846', '4247396679', 'barinas', 'lenyrolandochaconpineda@hotmail.com', 2),
	(249, 1, 10161793, 'lindolfo e', 'contreras q', '1971-08-23', '', '4245491123', 'barinas', 'lecmv@gmail.com', 2),
	(250, 1, 9988896, 'yolanda f', 'guerrero guedez', '1963-06-22', '', '0', 'barinas', 'yguerrer20@hotmail.com', 2),
	(251, 1, 4163134, 'betty y', 'guerrero m', '1955-01-28', '2735412193', '4145681954', 'barinas', 'bettyyolanda@hotmail.com', 2),
	(252, 1, 8191973, 'francisco a', 'hernandez abano', '1960-04-26', '', '4269297686', 'barinas', 'franc2604@gmail.com', 2),
	(253, 1, 14340575, 'nilson jose', 'jimenez n', '1978-11-29', '', '0', 'barinas', 'virgicarl@hotmail.com', 2),
	(254, 1, 9322333, 'jaqueline j', 'perez s', '1965-08-17', '', '0', 'barinas', 'virgicarl@hotmail.com', 2),
	(255, 1, 9262034, 'jose martin', 'seijas', '1964-05-06', '', '4161747643', 'barinas', 'martinseijas7@hotmail.com', 2),
	(256, 1, 9267636, 'rafael j', 'torres p', '1965-11-18', '', '0', 'barinas', 'virgicarl@hotmail.com', 2),
	(257, 1, 6126461, 'jose l', 'abad s', '1941-12-03', '', '0', 'barinas', 'jlabads@hotmail.com', 2),
	(258, 1, 2992344, 'gilberto e', 'acosta g', '1947-02-01', '2735324082', '4145675812', 'barinas', 'acosta.gilberto@gmail.com', 2),
	(259, 1, 3447575, 'walter h', 'aleta p', '1951-10-13', '', '0', 'barinas', 'waleta@cantv.net', 2),
	(260, 1, 3501867, 'luis r', 'amario o', '1947-10-31', '', '0', 'barinas', 'virgicarl@hotmail.com', 2),
	(261, 1, 4074971, 'magaly', 'amarista de g', '1954-09-03', '', '4165670552', 'barinas', 'magamamarista@gmail.com', 2),
	(262, 1, 3592339, 'carmen g', 'angarita de d', '1948-07-17', '', '4166732827', 'barinas', 'cangarita@terra.com.ve', 2),
	(263, 1, 3796751, 'miguelina', 'aquino de d', '1953-09-29', '', '4148087643', 'barinas', 'sole_29@hotmail.com', 2),
	(264, 1, 11713777, 'alvaro', 'areiza v', '1951-10-14', '', '0', 'barinas', 'virgicarl@hotmail.com', 2),
	(265, 1, 3907403, 'tadeo', 'arismendi v', '1950-10-03', '', '0', 'barinas', 'tadeoarismendi@hotmail.com', 2),
	(266, 1, 10788377, 'yesid f', 'aroca g', '1948-12-03', '', '0', 'barinas (pensionado)', 'virgicarl@hotmail.com', 2),
	(267, 1, 2797909, 'pedro j', 'arrieta r', '1944-03-18', '', '0', 'barinas', 'virgicarl@hotmail.com', 2),
	(268, 1, 3995454, 'orlando ', 'barboza p', '1952-09-10', '2742661650', '4162747796', 'barinas', 'obarpa@hotmail.com', 2),
	(269, 1, 3916869, 'evangelina', 'bastidas de m', '1954-12-05', '', '4145704623', 'barinas', 'evab@hotmail.com', 2),
	(270, 1, 4083008, 'alfredo', 'bello g', '1951-06-17', '', '4123899498', 'barinas', 'abcbello17@gmail.com', 2),
	(271, 1, 3402645, 'luisa ', 'benavides de f', '1947-02-13', '', '0', 'barinas', 'luisafinol@yahoo.com', 2),
	(272, 1, 3593634, 'graciela ', 'bocaranda de l', '1950-10-19', '', '4161181991', 'barinas', 'dbgraciela@hotmail.com', 2),
	(273, 1, 3007106, 'geonvarry', 'bonilla m', '1951-02-13', '', '4265746743', 'barinas', 'bgeovanrry@yahoo.com', 2),
	(274, 1, 10992828, 'luis g', 'braschi p', '1946-04-19', '2735416354', '4145671943', 'barinas', 'gbraschip@cantv.net', 2),
	(275, 1, 3078756, 'osmar', 'buitrago r', '1949-06-04', '2735411314', '4145681229', 'barinas', 'buitragorodriguez1@yahoo.es', 2),
	(276, 1, 1854711, 'francisco a', 'caballero a', '1938-08-21', '', '4145721877', 'barinas', 'fracab@yahoo.es', 2),
	(277, 1, 5021161, 'belisario', 'caceres h', '1941-04-14', '2735330519', '4143732551', 'barinas', 'belisariocaceres@hotmail.com', 2),
	(278, 2, 81315822, 'luis a', 'carcamo v', '1950-04-23', '', '0', 'barinas', 'virgicarl@hotmail.com', 2),
	(279, 1, 3914457, 'freddy c', 'cardenas a', '1953-09-20', '', '0', 'barinas', 'virgicarl@hotmail.com', 2),
	(280, 1, 2504927, 'roger e', 'cartay r', '1942-09-25', '', '0', 'barinas', 'virgicarl@hotmail.com', 2),
	(281, 1, 4199040, 'alfonso j', 'castellan m', '1951-07-27', '', '4166482725', 'barinas', 'alfonca2@hotmail.com', 2),
	(282, 1, 2103600, 'eliseo ', 'castellano r', '1943-12-15', '', '0', 'barinas', 'virgicarl@hotmail.com', 2),
	(283, 1, 3089058, 'carmen p', 'Castillo', '1945-01-23', '', '4145767172', 'barinas', 'carmenpastora2410@hotmail.com', 2),
	(284, 1, 4141540, 'isabel', 'colmenares de a', '1954-06-01', '2735410468', '4145680214', 'barinas', 'isatere2012@gmail.com', 2),
	(285, 1, 12551085, 'mario ', 'corredor j', '1945-05-11', '2735410056', '0', 'barinas', 'mariocorredorjacome@hotmail.com', 2),
	(286, 1, 3907592, 'neyra m', 'davila r', '2012-09-28', '', '4168561404', 'barinas', 'nayra.davila@hotmail.com', 2),
	(287, 1, 3256780, 'noel e', 'delgado m', '1946-11-17', '', '0', 'barinas', 'noeldm@gmail.com', 2),
	(288, 1, 1814899, 'cecilio j', 'estaba', '1943-03-27', '', '0', 'barinas', 'virgicarl@hotmail.com', 2),
	(289, 1, 5392129, 'JESUS A', ' FEBRES P', '1984-06-04', '', '0', 'barinas', 'virgicarl@hotmail.com', 2),
	(290, 1, 3481493, 'freddy', 'fermin c', '1951-10-31', '2735411237', '4145780448', 'barinas', 'freddyfermin@cantv.net', 2),
	(291, 1, 1691481, 'ramon', 'ferrer r', '1940-07-01', '', '0', 'barinas', 'virgicarl@hotmail.com', 2),
	(292, 1, 3401615, 'octavio j', 'finol t', '1947-02-27', '', '0', 'barinas', 'virgicarl@hotmail.com', 2),
	(293, 1, 3128196, 'duval a', 'freites', '1949-10-28', '', '4141597791', 'barinas', 'dfreitesc@hotmail.com', 2),
	(294, 1, 2869274, 'myriam j', 'fuenmayor g', '1940-03-11', '', '4145004840', 'barinas', 'mhyriam@hotmail.com', 2),
	(295, 1, 2376030, 'haydee', 'gallardo de m', '1945-10-22', '2735321158', '0', 'barinas', 'electricosgama@hotmail.com', 2),
	(296, 1, 2039520, 'illia ', 'garcia de p', '1945-10-22', '2129536406', '4241179429', 'barinas', 'iliagarciaa@gmail.com', 2),
	(297, 1, 1971268, 'francisco g', 'garcia m', '1938-05-23', '', '0', 'barinas', 'virgicarl@hotmail.com', 2),
	(298, 1, 3753920, 'luis g', 'garcia m', '1953-03-10', '', '0', 'barinas', 'virgicarl@hotmail.com', 2),
	(299, 1, 622759, 'omar h', 'german c', '1943-01-26', '', '0', 'barinas', 'omargermanc@hotmail.com', 2),
	(300, 1, 1933721, 'hector r', 'gomez c', '1943-07-27', '', '0', 'barinas', 'mariu107@hotmail.com', 2),
	(301, 1, 2504666, 'rafael hhumberto', 'gomez z', '1940-05-01', '', '0', 'barinas', 'rafaelhgomez@gmail.com', 2),
	(302, 1, 4065847, 'yelitza r', 'gonzalez', '1952-10-26', '2735411879', '4142585913', 'barinas', 'yiletgonza@hotmail.com', 2),
	(303, 1, 4261287, 'ceniz a', 'graterol t', '1953-07-19', '', '0', 'barinas', 'virgicarl@hotmail.com', 2),
	(304, 1, 3974822, 'mirna b', 'henriquez ', '1953-01-04', '2735332974', '4245471088', 'barinas', 'mirnabeatrizhenriquez@gmail.com', 2),
	(305, 1, 3367710, 'juana n', 'hernandez de a', '1954-04-27', '', '0', 'barinas', 'virgicarl@hotmail.com', 2),
	(306, 1, 4252579, 'boris r', 'hidalgo h', '1955-04-27', '', '4149515795', 'barinas', 'brhidalgo27@hotmail.com', 2),
	(307, 1, 3132508, 'miriam p', 'hurtado de r', '1945-09-02', '', '0', 'barinas', 'miriampilar45@yahoo.com', 2),
	(308, 1, 3591751, 'luis e', 'joves l', '1949-08-02', '', '0', 'barinas', 'virgicarl@hotmail.com', 2),
	(309, 1, 3217688, 'pedro c', 'loreto g', '1944-08-22', '', '0', 'barinas', 'virgicarl@hotmail.com', 2),
	(310, 1, 3092096, 'rosa m', 'lugo b', '1948-02-24', '', '4141596303', 'barinas', 'virgicarl@hotmail.com', 2),
	(311, 1, 3835698, 'isbelia ', 'manrique de f', '1952-09-01', '', '0', 'barinas', 'virgicarl@hotmail.com', 2),
	(312, 1, 2108498, 'edgar r', 'marquez a', '1943-06-06', '', '0', 'barinas', 'virgicarl@hotmail.com', 2),
	(313, 1, 2288430, 'jorge c', 'marquez c', '1946-03-22', '2735413210', '4169768782', 'barinas', 'virgicarl@hotmail.com', 2),
	(314, 1, 3496128, 'omar a', 'marquez r', '1949-12-03', '', '4145681076', 'barinas', 'omarmarquez49@hotmail.com', 2),
	(315, 1, 3844641, 'marleny j', 'martinez g', '1952-03-24', '', '4145680074', 'barinas', 'mmg5021@hotmail.com', 2),
	(316, 1, 1986723, 'oscar a', 'mendez a', '1945-10-06', '2735411679', '4145685657', 'barinas', 'virgicarl@hotmail.com', 2),
	(317, 1, 1985941, 'baudillo ', 'mendoza s', '1944-05-22', '2735417437', '4245874353', 'barinas', 'baumensa@hotmail.com', 2),
	(318, 1, 3074919, 'jesus a ', 'merchan s', '1946-12-20', '', '0', 'barinas', 'jolimers@intercable.net.ve', 2),
	(319, 1, 1814460, 'hadassa', 'millan de p', '1946-07-20', '2735410278', '2735410278', 'barinas', 'virgicarl@hotmail.com', 2),
	(320, 1, 3997090, 'ligia m', 'mogollon', '1952-11-26', '2735413160', '4247207661', 'barinas', 'lmogollon@hotmail.com', 2),
	(321, 1, 3664226, 'maria', 'monagas de h', '1950-10-17', '2733540917', '4145697068', 'barinas', 'mamare00@hotmail.com', 2),
	(322, 1, 3836883, 'julio c', 'montillla s', '1946-09-15', '', '0', 'barinas', 'virgicarl@hotmail.com', 2),
	(323, 1, 2445311, 'ramon r', 'monsalve r', '1940-03-24', '', '0', 'barinas', 'raimond24340@yahoo.es', 1),
	(324, 1, 2455311, 'ramon r', 'monsalve r', '1940-03-24', '', '0', 'barinas', 'raimond24340@yahoo.es', 2),
	(325, 1, 492886, 'jose ', 'montesinos ', '1932-11-01', '', '0', 'barinas', 'virgicarl@hotmail.com', 2),
	(326, 1, 1797568, 'liliam t', 'montilla c', '1939-11-10', '2735411818', '4145683086', 'barinas', 'lilian.madre@gmail.com', 2),
	(327, 1, 3388289, 'edgar', 'moreno  b', '1949-09-20', '', '4143516387', 'barinas', 'edgar.moreno.b@hotmail.com', 2),
	(328, 1, 3647676, 'arturo a', 'navarro v', '1950-01-29', '', '0', 'barinas', 'art290150@hotmail.com', 2),
	(329, 1, 1340641, 'evangelista', 'nieves a', '1936-04-05', '2735524578', '4163702401', 'barinas', 'virgicarl@hotmail.com', 2),
	(330, 1, 2510235, 'nelly m', 'nieves de m', '1948-04-13', '', '0', 'barinas', 'virgicarl@hotmail.com', 2),
	(331, 1, 2501205, 'nestor f', 'novoa d', '1947-11-17', '', '0', 'barinas', 'virgicarl@hotmail.com', 2),
	(332, 1, 3781245, 'jesus a', 'olivar j', '1952-01-06', '2735411408', '4145671706', 'barinas', 'jesusolivarg@yahoo.com', 2),
	(333, 1, 3188846, 'jorge a', 'ordonez v', '1948-08-02', '50687903063', '50622678262', 'barinas', 'jaordonezv@gmail.com', 2),
	(334, 1, 3130540, 'reina y', 'orellana de a', '1949-01-05', '2735411350', '4145670807', 'barinas', 'rorellana1@hotmail.com', 2),
	(335, 1, 5955498, 'mario', 'orsini g', '1951-02-15', '', '4245140152', 'barinas', 'morsini33@hotmail.com', 2),
	(336, 1, 3941742, 'jose z', 'osorios s', '1955-08-11', '', '4161331709', 'barinas', 'virgicarl@hotmail.com', 2),
	(337, 1, 3915327, 'ismeldo i', 'paiva a', '1948-03-11', '', '0', 'barinas', 'virgicarl@hotmail.com', 2),
	(338, 1, 3452253, 'alba m', 'pena de s', '1947-10-20', '', '4145681466', 'barinas', 'albadesalazar@hotmail.com', 2),
	(339, 1, 2955356, 'manuel j', 'perez a', '1942-03-19', '', '4245705384', 'barinas', 'nuelmaperez@gmail.com', 2),
	(340, 1, 2757098, 'edinson w', 'perez c', '1943-08-18', '', '4145681642', 'barinas', 'edinsonperezcantor@hotmail.com', 2),
	(341, 1, 3790950, 'nelly de j', 'perez s', '1949-12-25', '2735411880', '414159950', 'barinas', 'nellpeca@hotmail.com', 2),
	(342, 1, 2813496, 'ramon f', 'pernia p', '1949-10-10', '', '0', 'barinas', 'rpernia@hotmail.com', 2),
	(343, 1, 3592090, 'ramon a', 'quintana g', '1950-10-11', '', '0', 'barinas', 'virgicarl@hotmail.com', 2),
	(344, 1, 1739273, 'martin', 'ramirez c', '1940-09-09', '', '0', 'barinas', 'virgicarl@hotmail.com', 2),
	(345, 1, 3199211, 'pedro', 'ramirez c', '1951-10-10', '', '0', 'barinas', 'petrusrami@hotmail.com', 2),
	(346, 1, 3592338, 'mirian ', 'rangel a', '1949-03-17', '', '0', 'barinas', 'miriamrangel17@yahoo.com.ar', 2),
	(347, 1, 3592493, 'alexis r', 'rangel d', '1948-05-25', '', '0', 'barinas', 'virgicarl@hotmail.com', 2),
	(348, 1, 3806339, 'alba m', 'reyes de g', '1946-12-09', '', '0', 'barinas', 'virgicarl@hotmail.com', 2),
	(349, 1, 3870212, 'antonieta de j', 'reyes', '1950-10-05', '', '0', 'barinas', 'virgicarl@hotmail.com', 2),
	(350, 1, 2752108, 'gilberto ', 'rios r', '1943-08-07', '2738083778', '4145723885', 'barinas', 'griosr@hotmail.com', 2),
	(351, 1, 3836358, 'elsy c', 'rojas de c', '1951-10-14', '', '0', 'barinas', 'elsyrojas@hotmail.com', 2),
	(352, 1, 3394985, 'vicente ', 'rojas n', '1951-12-10', '2735411559', '4145729059', 'barinas', 'vicenterojas35@gmail.com', 2),
	(353, 1, 1753430, 'oswaldo r', 'salazar f', '1940-10-28', '', '0', 'barinas', 'virgicarl@hotmail.com', 2),
	(354, 1, 2831872, 'pastor', 'salazar r', '1946-09-09', '2736356467', '4145672011', 'barinas', 'pastorsalazar2004@gmail.com', 2),
	(355, 1, 10558776, 'alberto ', 'sanint m', '1934-03-29', '', '0', 'barinas', 'alsame@cantv.net', 2),
	(356, 1, 4259893, 'ana luisa', 'segovia de b', '1955-05-31', '', '4145672090', 'barinas', 'anaseg2@hotmail.com', 2),
	(357, 1, 2725041, 'Alexis jose', 'silva', '1948-03-12', '', '0', 'barinas (pensionado)', 'virgicarl@hotmail.com', 2),
	(358, 1, 3132303, 'jesus m', 'sosa g', '1948-08-03', '2735325080', '4165715707', 'barinas', 'jesusguedez@gmail.com', 2),
	(359, 1, 3540829, 'LUIS A', 'SUAREZ C', '1948-04-26', '', '0', 'BARINAS', 'virgicarl@hotmail.com', 2),
	(360, 1, 2504774, 'ANTONIO R', 'URBINA', '1940-05-09', '', '0', 'BARINAS', 'virgicarl@hotmail.com', 2),
	(361, 1, 4354128, 'ANA C', 'VALDEZ DE H', '1952-12-23', '', '4245171792', 'BARINAS (pensionado)', 'ANACVALDEZ@HOTMAIL.COM', 2),
	(362, 1, 2496524, 'SIMON', 'VALERO A', '1944-07-24', '', '0', 'BARINAS', 'virgicarl@hotmail.com', 2),
	(363, 1, 3836672, 'LIRIO DEL V', 'VALERO', '1953-08-03', '', '0', 'BARINAS', 'LIRIO.D@HOTMAIL.COM', 1),
	(364, 1, 3836972, 'LIRIO DEL V', 'VALERO ', '1953-08-03', '', '0', 'BARINAS', 'LIRIO.D@HOTMAIL.COM', 2),
	(365, 1, 3552057, 'rafael ', 'velasquez ', '1948-11-07', '', '0', 'barinas', 'virgicarl@hotmail.com', 2),
	(366, 1, 3992950, 'luis o', 'vera ', '1952-01-19', '2735411827', '4167815223', 'barinas', 'luisoscarv1@hotmail.com', 2),
	(367, 1, 3201111, 'alejandro ', 'verenzuela', '1947-07-17', '', '0', 'barinas', 'alejandroverenzuela@hotmail.com', 2),
	(368, 1, 2114621, 'maria j', 'villegas de o', '1940-04-04', '', '4245570651', 'barinas', 'maria_villegasmujica@hotmail.com', 2),
	(369, 1, 4195412, 'elio r', 'vitriago a', '1955-02-22', '2735330553', '0', 'barinas', 'evitria@hotmail.com', 2),
	(370, 1, 3859066, 'rafael a', 'yajure', '1950-10-02', '', '0', 'barinas', 'virgicarl@hotmail.com', 2),
	(371, 1, 1511746, 'victor f', 'zambrano', '1935-02-01', '', '0', 'barinas', 'victorfzambranoz@hotmail.com', 2),
	(372, 1, 3196559, 'pedro ', 'pena cabrera ', '1943-11-11', '', '0', 'barinas', 'virgicarl@hotmail.com', 2),
	(373, 1, 2917505, 'RAFAEL A', 'algarra', '1942-09-06', '', '0', 'barinas (+)', 'virgicarl@hotmail.com', 2),
	(374, 1, 4924033, 'lucas', 'alvarez t', '2012-10-03', '', '0', 'barinas (+)', 'virgicarl@hotmail.com', 2),
	(375, 1, 81428139, 'francisco', 'arias a', '1936-12-03', '', '0', 'barinas', 'virgicarl@hotmail.com', 2),
	(376, 1, 11187897, 'santina', 'baptista de h', '1959-08-04', '', '0', 'barinas (+)', 'virgicarl@hotmail.com', 2),
	(377, 1, 3132302, 'italo ', 'flores', '1946-05-03', '', '0', 'barinas', 'virgicarl@hotmail.com', 2),
	(378, 1, 3641619, 'ramon de j', 'higuera c', '1952-01-07', '', '0', 'barinas', 'virgicarl@hotmail.com', 2),
	(379, 1, 9991128, 'jose b', 'macana f', '1944-10-26', '', '0', 'barinas (+)', 'virgicarl@hotmail.com', 2),
	(380, 1, 4930893, 'mafud', 'musa f', '1923-10-17', '', '0', 'barinas (+)', 'virgicarl@hotmail.com', 2),
	(381, 1, 3990358, 'emiro j', 'rojas o', '1946-01-19', '', '0', 'barinas', 'virgicarl@hotmail.com', 2),
	(382, 1, 9184121, 'maria i ', 'davila v', '1957-08-17', '', '0', 'barinas', 'virgicarl@hotmail.com', 2),
	(383, 1, 4138234, 'angel r', 'mora z', '1957-08-17', '2735413160', '4245874323', 'barinas', 'angelmorazoppi@hotmail.com', 2),
	(384, 1, 2477056, 'nehemias', 'castillo a', '1956-08-15', '', '4161403940', 'barinas', 'nehemiascastillo@gmail.com', 2),
	(385, 1, 8157953, 'juan v', 'fontaines f', '1959-11-14', '', '0', 'barinas', 'virgicarl@hotmail.com', 1),
	(386, 1, 8157593, 'juan v', 'fontaines f', '1959-11-14', '', '4266785321', 'barinas', 'ju_fonta_20@hotmail.com', 2),
	(387, 1, 12199908, 'carlos r', 'GONZALEZ d', '1973-02-11', '', '0', 'barinas', 'virgicarl@hotmail.com', 2),
	(388, 1, 5282445, 'vicente a', 'jaime h', '1958-10-10', '', '0', 'barinas', 'vicentejaimes@hotmail.com', 2),
	(389, 1, 3799974, 'victor r', 'ospino d', '1951-11-07', '', '0', 'barinas', 'virgicarl@hotmail.com', 2),
	(390, 1, 5733652, 'avelino a', 'ostos f', '1959-11-03', '', '0', 'barinas', 'virgicarl@hotmail.com', 2),
	(391, 1, 8617981, 'gabino i', 'acevedo a', '1959-02-28', '2743310569', '4243483960', 'barinas', 'gaisacal@yahoo.com', 2),
	(392, 1, 9873934, 'grushenka y', 'acosta p', '1969-06-07', '', '0', 'apure', 'virgicarl@hotmail.com', 2),
	(393, 1, 5780865, 'omaira n', 'al maaz m', '1965-12-13', '', '0', 'barinas', 'omairaalmaaz@gmail.com', 2),
	(394, 1, 5434419, 'reinaldo j', 'alvarez', '1959-05-15', '', '4161450524', 'barinas', 'reinaldo50000@yahoo.es', 2),
	(395, 1, 7216733, 'lilian del c', 'bermudez', '1963-03-08', '', '4144748608', 'barinas', 'lilian_bermudez@hotmail.com', 2),
	(396, 1, 8155012, 'ramon d', 'beroes', '1959-12-24', '', '0', 'apure', 'virgicarl@hotmail.com', 2),
	(397, 1, 9874069, 'mercedees o', 'betancourt de g', '1968-05-02', '2473413069', '4144788922', 'apure', 'mercedesbetancourt25@hotmail.com', 2),
	(398, 1, 8150085, 'gabriel', 'carrillo s', '1959-03-15', '', '4166818804', 'apure', 'gabrielcarrillounellez@gmail.com', 2),
	(399, 1, 12204087, 'victor d', 'castillo g', '1976-01-12', '', '2735336227', 'barinas', 'vcastillo@unellez.edu.ve', 2),
	(400, 1, 11984951, 'cesar d', 'cedeno o', '1974-08-19', '', '4265445519', 'apure', 'lagamace@gmail.com', 2),
	(401, 1, 8156543, 'elias a', 'chirinos l', '1959-06-16', '2473311082', '4140504613', 'apure', 'eliaschi@hotmail.com', 2),
	(402, 1, 3806703, 'maria l', 'contreras c', '1948-09-09', '', '4144745149', 'apure', 'marialicelot@gmail.com', 2),
	(403, 1, 4671622, 'jose a', 'correa', '1955-05-20', '', '0', 'barinas', 'virgicarl@hotmail.com', 2),
	(404, 1, 4667049, 'celsa', 'enciso h', '1954-07-28', '', '0', 'apure', 'virgicarl@hotmail.com', 2),
	(405, 1, 8169733, 'greivan de j', 'espana c', '1964-12-29', '', '4265430511', 'apure', 'greivanesp@gmail.com', 2),
	(406, 1, 2231501, 'rafael g', 'ferrer h', '1946-09-09', '', '4144456704', 'apure', 'gustavoferrer46@hotmail.com', 2),
	(407, 1, 9872150, 'pedro antolin', 'forgione rojas', '1969-05-15', '2473423687', '4141471723', 'apure', 'ninoforg@yahoo.com', 2),
	(408, 1, 12322755, 'saima k', 'fuentes de m', '1975-05-24', '', '4243093169', 'apure', 'saikar03_@hotmail.com', 2),
	(409, 1, 9872024, 'carmen a ', 'galindo a', '1968-10-12', '', '0', 'apure', 'virgicarl@hotmail.com', 2),
	(410, 1, 8631180, 'wilson f', 'gallardo l', '1969-03-10', '2473422274', '4141474081', 'apure', 'wilsongallardo@cantv.net', 2),
	(411, 1, 10618236, 'rafael a', 'garcia g', '1970-09-29', '', '4243402339', 'apure', 'rafaelgarciag@gmail.com', 2),
	(412, 1, 8191348, 'jose angel ', 'giron galindo ', '1963-10-31', '', '4144784299', 'apure', 'angelgiron20@gmail.com', 2),
	(413, 1, 5361403, 'alexis j', 'GONZALEZ', '1960-08-29', '', '4144601950', 'apure', 'alexisjgonzalez29@gmail.com', 2),
	(414, 1, 5971383, 'luisa ', 'guevara z', '1961-06-08', '2473310653', '4163906835', 'apure', 'lmireya8415@yahoo.es', 2),
	(415, 1, 4668876, 'elaine', 'gutierrez de h', '1957-05-11', '2473422864', '4243260857', 'apure', 'elainelisg@hotmail.com', 2),
	(416, 1, 8155514, 'jorge l', 'hidalgo h', '1961-06-18', '', '0', 'apure', 'virgicarl@hotmail.com', 2),
	(417, 1, 13640843, 'richard a', 'hoyle ramos', '1978-12-06', '', '0', 'barinas', 'virgicarl@hotmail.com', 2),
	(418, 1, 5859349, 'arelis del v', 'jaime de o', '1959-12-30', '', '4144757206', 'apure', 'arelisjaime@hotmail.com', 2),
	(419, 1, 4003325, 'jose m', 'lopez', '1951-02-28', '', '0', 'apure', 'virgicarl@hotmail.com', 2),
	(420, 1, 9594605, 'trina y', 'macias r', '1966-05-16', '', '0', 'apure', 'virgicarl@hotmail.com', 2),
	(421, 1, 4139521, 'carlos e', 'milano m', '1949-09-10', '', '4144938912', 'apure', 'carloseduardomilano@hotmail.com', 2),
	(422, 1, 4843085, 'nerys y', 'mota', '1955-12-01', '', '4145874392', 'apure', 'narys50@hotmail.com', 2),
	(423, 1, 11238850, 'francys j', 'ortiz v', '1973-04-14', '', '4168740708', 'apure', 'francha00@yahoo.com', 2),
	(424, 1, 4908992, 'alirio o', 'perez d', '1954-12-20', '2473410307', '4144787073', 'apure', 'aliper2000@yahoo.com', 2),
	(425, 1, 7889048, 'alfredo', 'perez l', '1964-12-18', '', '4269003589', 'apure', 'piracatinga@yahoo.com', 2),
	(426, 1, 9871870, 'rosalia ', 'perez rodriguez', '1967-12-30', '2473423498', '4243728357', 'apure', 'rosalia_680@hotmail.com', 2),
	(427, 1, 3770714, 'jose m', 'perez', '1950-09-04', '', '0', 'apure', 'virgicarl@hotmail.com', 2),
	(428, 1, 9871543, 'wilfredo javier', 'pernia lugo', '1950-09-04', '', '4243188110', 'apure', 'wilfredo_pernia@yahoo.es', 2),
	(429, 1, 13560129, 'reggis e', 'pineres g', '1976-06-25', '', '0', 'apure', 'virgicarl@hotmail.com', 2),
	(430, 1, 8165778, 'ramon n', 'ramos', '1960-07-17', '', '0', 'apure', 'virgicarl@hotmail.com', 2),
	(431, 1, 9594642, 'ysbel m', 'rengifo', '1968-01-07', '', '0', 'apure', 'yrengifoh@hotmail.com', 2),
	(432, 1, 4068566, 'ricardo i', 'rodriguez v', '1951-07-11', '', '4243125827', 'apure', 'riigrove@yahoo.es', 2),
	(433, 1, 3402147, 'rita j', 'sanchez r', '1946-03-12', '', '0', 'apure', 'virgicarl@hotmail.com', 2),
	(434, 1, 4999545, 'emma', 'solorzano de l', '1956-04-08', '', '0', 'apure', 'virgicarl@hotmail.com', 2),
	(435, 1, 1564014, 'juan b', 'sotillo', '1944-08-09', '', '4243187658', 'apure', 'juanbautistasotillo@yahoo.com', 2),
	(436, 1, 13433783, 'liliana carolina', 'tariba vargas ', '1977-11-10', '', '0', 'apure', 'lilianatariba@gmail.com', 2),
	(437, 1, 3952985, 'neiva f', 'tovar l', '1953-07-19', '', '0', 'apure', 'neivatovar@hotmail.com', 2),
	(438, 1, 5481148, 'ricardo', 'zabala j', '1959-12-09', '2473423336', '4248553142', 'apure', 'riczabala2009@hotmail.com', 2),
	(439, 1, 12323578, 'norelis m', 'jimenez f', '1974-11-19', '2473310496', '4166458614', 'apure', 'norelisjimenezf@gmail.com', 2),
	(440, 1, 10616577, 'dexalith n', 'parra r', '1970-07-11', '2473645325', '4265402636', 'apure', 'dexaparra@yahoo.es', 2),
	(441, 1, 9870320, 'bladimir a', 'rodriguez l', '1968-11-24', '', '0', 'apure', 'virgicarl@hotmail.com', 2),
	(442, 1, 11244573, 'migdalia d', 'trocel', '1973-03-24', '', '4244301509', 'apure', 'trocel7@gmail.com', 1),
	(443, 1, 11244537, 'migdalia d', 'trocel', '1973-03-24', '', '4244301509', 'apure', 'trocel7@gmail.com', 2),
	(444, 1, 4284661, 'freddy l', 'arraez t', '1956-03-05', '', '0', 'apure', 'virgicarl@hotmail.com', 2),
	(445, 1, 2095689, 'gilberto j', 'brito r', '1943-10-18', '', '0', 'apure', 'virgicarl@hotmail.com', 2),
	(446, 1, 4346542, 'gregorio a', 'carpio g', '1951-05-25', '', '0', 'apure', 'virgicarl@hotmail.com', 2),
	(447, 1, 4180892, 'juan de d', 'colmenares z', '1957-05-08', '', '4146978740', 'apure', 'juandedioscol@hotmail.com', 2),
	(448, 1, 4671390, 'rafael a', 'delgado c', '2012-10-11', '', '0', 'apure', 'virgicarl@hotmail.com', 2),
	(449, 1, 3949459, 'jose de la R', 'delgado', '1950-10-10', '', '4143470137', 'apure', 'virgicarl@hotmail.com', 2),
	(450, 1, 4788061, 'fanny b', 'diaz de p', '1956-10-18', '', '0', 'apure', 'fannybeatrizdiaz@gmail.com', 2),
	(451, 1, 1833800, 'rafael t', 'espana e', '1939-11-09', '', '4166458876', 'apure', 'virgicarl@hotmail.com', 2),
	(452, 1, 4670000, 'rafael m', 'flores s', '1954-12-05', '', '0', 'apure', 'virgicarl@hotmail.com', 2),
	(453, 1, 3295102, 'mirian', 'gelves de z', '1950-04-13', '', '0', 'apure', 'miriangelvez@hotmail.com', 2),
	(454, 1, 4377865, 'adhemar', 'gimenez s', '1956-03-22', '', '0', 'apure', 'adhemargimenez56@gmail.com', 2),
	(455, 1, 1840988, 'oscar p', 'guaitero diaz', '1940-05-04', '', '0', 'apure', 'virgicarl@hotmail.com', 2),
	(456, 1, 3350914, 'jose antonio', 'leon', '1948-03-09', '', '4144753034', 'apure', 'leon_4935@yahoo.es', 2),
	(457, 1, 5358549, 'pedro e', 'luna tomendez', '1955-06-30', '2473310090', '4143470246', 'apure', 'lussol@cantv.net', 2),
	(458, 1, 2230143, 'zaida f', 'marchena de c', '2012-10-15', '', '0', 'apure', 'franciscamarchena@hotmail.com', 2),
	(459, 1, 3471093, 'edgar aquiles', 'rojas marcano', '1948-06-25', '', '0', 'apure', 'rojasm@unellez.es', 2),
	(460, 1, 2629022, 'luis alfredo', 'valero valero', '1946-06-16', '2473414098', '4162457160', 'apure', 'virgicarl@hotmail.com', 2),
	(461, 1, 4669552, 'rosa a', 'vargas de tariba', '1955-05-31', '', '0', 'apure', 'rosatariba@cantv.net', 2),
	(462, 1, 4609083, 'javier a', 'fonseca a', '1956-10-17', '2473645693', '4243630088', 'apure', 'virgicarl@hotmail.com', 2),
	(463, 1, 14032774, 'alvaro', 'arteaga g', '1945-05-07', '', '0', 'apure', 'virgicarl@hotmail.com', 2),
	(464, 1, 4099658, 'cesar c', 'abreu s', '1956-12-13', '2584148853', '4145957558', 'san carlos', 'abreusoto@cantv.net', 2),
	(465, 1, 10992284, 'ANA ', 'aguirre de loreto', '1970-05-02', '', '4125184374', 'san carlos', 'ana.aguirredeloreto@hotmail.com', 2),
	(466, 1, 10992595, 'anabella', 'arvelo m', '1972-10-15', '', '4122448896', 'san carlos', 'arveloanabella@hotmail.com', 2),
	(467, 1, 3599498, 'alvaro a ', 'avila m', '1948-03-24', '', '0', 'san carlos', 'bocato123@hotmail.com', 2),
	(468, 1, 4927080, 'enrique c', 'avila ', '1956-04-06', '2584335084', '4269404470', 'san carlos', 'enriquecavila@gmail.com', 2),
	(469, 1, 10329930, 'anais', 'balza v', '1972-04-29', '', '4162408797', 'san carlos', 'anaisbalza@hotmail.com', 2),
	(470, 1, 5209153, 'jose', 'BETANCOURT s', '1959-08-14', '', '0', 'san carlos', 'jogrebes09@hotmail.com', 2),
	(471, 1, 8303091, 'cesar jose ', 'calzadilla ', '1960-03-08', '', '0', 'san carlos', 'virgicarl@hotmail.com', 2),
	(472, 1, 11961711, 'carballo', 'nahir del c', '1974-12-16', '', '0', 'san carlos', 'nahirdelc@gmail.com', 2),
	(473, 1, 3055361, 'guillermo a', 'ceballos m', '1947-02-10', '', '0', 'san carlos', 'virgicarl@hotmail.com', 2),
	(474, 1, 10989927, 'choi y', 'chang f', '1961-07-03', '2584338799', '4127762817', 'san carlos', 'choi_chang@cantv.net', 2),
	(475, 1, 8991397, 'jose m', 'cortez s', '1968-11-14', '', '4144705168', 'san carlos', 'topoven@gmail.com', 2),
	(476, 1, 11395937, 'RAFAEL A', 'cristancho c', '1973-07-11', '', '0', 'san carlos', 'rafaelcristancho73@gmail.com', 2),
	(477, 1, 2997537, 'carlos jose', 'diaz bello', '2012-10-16', '2584333326', '4144706094', 'san carlos', 'cjdiazbello@hotmail.com', 2),
	(478, 1, 12367401, 'pedro j', 'flores m', '1977-01-25', '', '0', 'san carlos', 'pjflom@yahoo.com', 2),
	(479, 1, 4350568, 'ricardo', 'fuenmayor', '1955-01-13', '', '0', 'san carlos', 'fuenmayor.ricardo@gmail.com', 2),
	(480, 1, 8142696, 'alis ramon', 'fuentes', '1959-06-02', '2584338917', '4244396041', 'san carlos', 'alifuentes2008@gmail.com', 2),
	(481, 1, 4097954, 'jose l', 'galindez m', '1958-05-30', '', '0', 'san carlos', 'virgicarl@hotmail.com', 1),
	(482, 1, 4097754, 'jose l', 'galindez m', '1958-05-30', '', '0', 'san carlos', 'virgicarl@hotmail.com', 2),
	(483, 1, 14521492, 'jordy javier', 'gamez villazana', '1979-08-05', '', '0', 'san carlos', 'virgicarl@hotmail.com', 2),
	(484, 1, 5891022, 'ricardo a', 'garcia a', '1943-07-10', '', '0', 'san carlos', 'raga2760@hotmail.com', 2),
	(485, 1, 7139675, 'loredana', 'giust moresco', '1962-04-12', '2584336424', '4164140182', 'san carlos', 'loredanagiust@gmail.com', 1),
	(486, 1, 7319675, 'loredana', 'giust moresco', '1962-04-12', '2584338917', '4244396041', 'san carlos', 'loredanagiust@gmail.com', 2),
	(487, 1, 9565800, 'ernesto j', 'hernandez g', '1965-02-26', '2584330657', '4167092313', 'san carlos', 'profesor_estudiantes@hotmail.com', 2),
	(488, 1, 4927790, 'gaetano', 'iani p', '1959-11-21', '', '0', 'san carlos', 'gaetanoiani@gmail.com', 2),
	(489, 1, 11961668, 'freddy', 'la cruz a', '1975-02-22', '2584336730', '4145954030', 'san carlos', 'freddyjoselacruz@hotmail.com', 2),
	(490, 1, 4142651, 'nila j', 'lavado q', '1958-07-21', '', '0', 'san carlos', 'nilavado2005@gmail.com', 2),
	(491, 1, 3044603, 'jose g', 'linarez b', '1952-02-25', '', '0', 'san carlos', 'virgicarl@hotmail.com', 2),
	(492, 1, 7222141, 'williams e', 'lopez g', '1963-05-05', '2582515164', '4121418156', 'san carlos', 'wiliamlopez_evaluacion@hotmail.com', 2),
	(493, 1, 3044779, 'jose g', 'loreto', '1950-09-18', '', '4244447297', 'san carlos', 'ana.aguirredeloreto@hotmail.com', 2),
	(494, 1, 3917536, 'miguel a', 'luque s', '1956-04-06', '2582519141', '4145944208', 'san carlos', 'cachamay01@gmail.com', 2),
	(495, 1, 4096446, 'jose g', 'manzanero m', '1958-05-29', '2784337587', '4165587660', 'san carlos', 'j.g.m.m.58@hotmail.com', 2),
	(496, 1, 8673978, 'margarita', 'martin de b', '1958-07-21', '2584333026', '4160772715', 'san carlos', 'margamar52@gmail.com', 2),
	(497, 1, 5207214, 'isaias a', 'medina l', '1958-07-21', '', '0', 'san carlos', 'diversidadpoetica@gmail.com', 2),
	(498, 1, 10032781, 'EDUARDO E', 'merchan b', '1969-01-17', '', '4144722565', 'san carlos', 'eamerchanb@hotmail.com', 2),
	(499, 1, 7605223, 'jorge l', 'millano t', '1961-08-25', '2583260106', '4145970116', 'san carlos', 'jorgelumilla@gmail.com', 2),
	(500, 1, 8767895, 'gerardo a', 'molina m', '1963-01-04', '', '0', 'san carlos', 'gerardomolina63@hotmail.com', 2),
	(501, 1, 13971493, 'jacovelin del v', 'morales de p', '1979-08-15', '2584336461', '4161106497', 'san carlos', 'jacovelin@gmail.com', 2),
	(502, 1, 8670988, 'carmen a ', 'morante a', '1968-09-22', '2584332185', '4265417232', 'san carlos', 'cmorante50@hotmail.com', 2),
	(503, 1, 8673257, 'edith j', 'moreno de v', '1968-11-23', '', '4144792733', 'san carlos', 'ejulieta2021@gmail.com', 2),
	(504, 1, 7178176, 'ivan d', 'narvaez', '1959-05-24', '2584338307', '4124406999', 'san carlos', 'ivan_2405@hotmail.com', 2),
	(505, 1, 3847280, 'ellirda z', 'ortiz de u', '1952-10-31', '', '0', 'san carlos', 'elliortizur@gmail.com', 2),
	(506, 1, 6185151, 'elsa ', 'ovalles', '1965-04-05', '2584169569', '4145953033', 'san carlos', 'elsaovalles@yahoo.es', 2),
	(507, 1, 3907054, 'jesus o ', 'pacheco c', '1950-03-11', '2584331757', '4267307566', 'san carlos', 'jesusoctavio_pacheco@hotmail.com', 2),
	(508, 1, 12200786, 'franklin j', 'paredes t', '1975-09-28', '', '4145796748', 'san carlos', 'franklinparedes75@gmail.com', 2),
	(509, 1, 13014702, 'alexis e', 'pena r', '1977-11-17', '', '0', 'san carlos', 'virgicarl@hotmail.com', 2),
	(510, 1, 3289398, 'humberto', 'perdomo f', '1946-08-16', '2588083202', '4144940213', 'san carlos', 'arq.hperdomof@gmail.com', 2),
	(511, 1, 7563710, 'inmaculada', 'perez f', '1963-01-02', '2584332490', '4145941415', 'san carlos', 'iperezfumero@gmail.com', 2),
	(512, 1, 9561633, 'victor e ', 'perez g', '1964-02-16', '', '0', 'san carlos', 'victorguaina@cantv.net', 2),
	(513, 1, 5208318, 'alcibiades', 'rivas a', '1960-02-19', '', '0', 'san carlos', 'chivele65@hotmail.com', 2),
	(514, 1, 4589420, 'juan a ', 'rodriguez c', '1952-10-19', '', '0', 'san carlos', 'juanrodricar@hotmail.com', 2),
	(515, 1, 7212135, 'tamharaire j', 'rojas c', '1961-09-30', '', '0', 'san carlos', 'virgicarl@hotmail.com', 2),
	(516, 1, 8383462, 'rafael a', 'rojas s', '1961-10-18', '2584147810', '4144093303', 'san carlos', 'rrojas61@hotmail.com', 2),
	(517, 1, 10323199, 'luis ', 'rumbo m', '1969-09-09', '', '4244307411', 'san carlos', 'virgicarl@hotmail.com', 2),
	(518, 1, 10990962, 'maria e', 'salas f', '1973-07-26', '2584338057', '4242521541', 'san carlos', 'maru_salas@hotmail.com', 2),
	(519, 1, 14812958, 'wilmery y', 'salazar s', '1981-03-05', '', '0', 'san carlos', 'virgicarl@hotmail.com', 2),
	(520, 1, 4454325, 'constanza', 'sanchez ornes', '1954-02-17', '', '0', 'san carlos', 'csanchezornes@hotmail.com', 2),
	(521, 1, 5208543, 'joseph', 'sezenko o', '1959-08-15', '', '0', 'san carlos', 'virgicarl@hotmail.com', 2),
	(522, 1, 9983880, 'andrew y', 'torres m', '1968-05-14', '2588085020', '4145953311', 'san carlos', 'andrewtorresm@gmail.com', 2),
	(523, 1, 5749183, 'jose r', 'velasquez', '1958-03-26', '2584338721', '4144267818', 'san carlos', 'joravel58@hotmail.com', 2),
	(524, 1, 4567080, 'donato', 'vilani g', '1956-01-03', '2584331738', '4124426153', 'san carlos', 'vdonatog@gmail.com', 2),
	(525, 1, 4742042, 'victor r', 'vivas c', '1954-11-12', '2584333246', '4125153042', 'san carlos', 'vivasvic@gmail.com', 2),
	(526, 1, 5208391, 'iraida f', 'vivas de m', '1961-10-26', '2584331663', '4163305379', 'san carlos', 'yayavivas@cantv.net', 2),
	(527, 1, 3997256, 'victor v', 'vivas s', '1954-10-07', '2584335603', '4145951070', 'san carlos', 'viviss8@hotmail.com', 2),
	(528, 1, 3175466, 'JESUS A', 'becerra', '1945-11-16', '2584337728', '4164483933', 'san carlos', 'beljebec@cantv.net', 2),
	(529, 1, 8044752, 'giovanni ', 'bonucci r', '1948-06-08', '2584333026', '4161749691', 'san carlos', 'gbonuccir@gmail.com', 2),
	(530, 1, 5736025, 'enoc', 'castillo a', '1963-02-01', '', '4162425063', 'san carlos', 'enoc.castillo@gmail.com', 2),
	(531, 1, 3221511, 'ricardo ', 'castro a', '1959-05-03', '', '0', 'san carlos', 'virgicarl@hotmail.com', 2),
	(532, 1, 2994108, 'gladys o', 'castro c', '1948-09-23', '', '0', 'san carlos', 'gcastro99@yahoo.es', 2),
	(533, 1, 3366358, 'aracelis', 'diaz de g', '1946-11-07', '', '0', 'san carlos', 'virgicarl@hotmail.com', 2),
	(534, 1, 2523014, 'hidelmaro', 'echenagucia r', '1955-05-06', '', '0', 'san carlos', 'vinodonandres@hotmail.com', 2),
	(535, 1, 2476306, 'juan j', 'fernandez m', '1954-05-27', '', '4140425011', 'san carlos', 'jfermol@gmail.com', 2),
	(536, 1, 1143680, 'luis e', 'freites s', '1941-12-07', '', '0', 'san carlos', 'virgicarl@hotmail.com', 2),
	(537, 1, 1153781, 'miguel a', 'gomez s', '1937-05-08', '', '0', 'SAN CARLOS', 'virgicarl@hotmail.com', 2),
	(538, 1, 3844260, 'JOSE A ', 'GUERRERO S', '1953-07-31', '', '0', 'SAN CARLOS', 'virgicarl@hotmail.com', 2),
	(539, 1, 2561545, 'DANIEL J', 'IRRIBARREN B', '1940-02-05', '', '4244291004', 'SAN CARLOS', 'DJIRIBAY05@HOTMAIL.COM', 2),
	(540, 1, 3639879, 'CARLOS E', 'ISAAC L', '1950-09-28', '', '4123402722', 'SAN CARLOS', 'carlos.isaac137@gmail.com', 2),
	(541, 1, 339124, 'CIPRIANO A', 'JAIME S', '1935-09-06', '', '0', 'SAN CARLOS', 'virgicarl@hotmail.com', 2),
	(542, 1, 3222955, 'PEDRO Maria', 'LA CRUZ ', '1946-08-09', '', '4144197959', 'SAN CARlos', 'pedromlm51@hotmail.com', 2),
	(543, 1, 1510148, 'angel ', 'lopez m', '1932-10-16', '2512536952', '4149516054', 'san carlos', 'amendibelso@cantv.net', 2),
	(544, 1, 3493684, 'javier a', 'lopez r', '1948-06-03', '', '4144281411', 'san carlos', 'jlr500@cantv.net', 2),
	(545, 1, 3250503, 'gustavo e', 'massiani p', '1948-01-06', '', '0', 'san carlos', 'gustavomassiani@hotmail.com', 2),
	(546, 1, 4458168, 'amalia a', 'matute y', '1956-01-17', '', '4244459520', 'san carlos', 'amamys@gmail.com', 2),
	(547, 1, 12368551, 'arturo', 'mendoza m', '1938-12-03', '', '0', 'san carlos', 'amendoza69@msn.com', 2),
	(548, 1, 5014941, 'jaime g', 'miro m', '1945-11-10', '2584333161', '4162548214', 'san carlos', 'jmiro45@gmail.com', 2),
	(549, 1, 3212737, 'itamar', 'montilla p', '1946-02-15', '2584333162', '4145921692', 'san carlos', 'itamarmont@hotmail.com', 2),
	(550, 1, 3050526, 'francisco ', 'olaizola d a', '1945-12-05', '', '0', 'san carlos', 'virgicarl@hotmail.com', 2),
	(551, 1, 1198205, 'jose m', 'olivo p', '1948-06-17', '', '0', 'san carlos', 'olivopejm@hotmail.com', 2),
	(552, 1, 3518364, 'luis m', 'palencia m', '1953-01-12', '2584337856', '4163131410', 'san carlos', 'lpalencia@cantv.net', 2),
	(553, 1, 2849601, 'nicolas', 'pantoja m', '1942-11-12', '', '0', 'san carlos', 'nicolaspantoja42@hotmail.com', 2),
	(554, 1, 84928, 'alfonso a', 'perez e', '1928-02-02', '', '0', 'san carlos', 'ape1928@cantv.net', 2),
	(555, 1, 3833392, 'douglas r', 'pettit', '1949-03-26', '', '0', 'san carlos', 'profesorpetit@hotmail.com', 2),
	(556, 1, 2878916, 'jose r', 'pirela', '1941-05-16', '', '0', 'san carlos', 'joseramon.pirela@gmail.com', 2),
	(557, 1, 10102641, 'silvia', 'ramirez r', '2012-10-22', '', '0', 'san carlos', 'sylviaramirezrudas@hotmail.com', 2),
	(558, 1, 3679428, 'roberto j', 'ramones q', '1950-07-16', '2582518838', '4265412254', 'san carlos', 'roram1607@hotmail.com', 2),
	(559, 1, 3914584, 'emerson', 'ricon a', '1951-03-18', '', '0', 'san carlos', 'virgicarl@hotmail.com', 2),
	(560, 1, 4566247, 'hector i', 'rodriguez m', '1954-07-08', '', '0', 'san carlos', 'hecarve@cantv.net', 2),
	(561, 1, 3872121, 'cleydes a', 'rodriguez r', '1952-10-22', '', '0', 'san carlos', 'cleydesr@hotmail.com', 2),
	(562, 1, 3042796, 'jose d', 'ruiz', '1953-06-14', '2584336323', '4244329196', 'san carlos', 'ruizjv@gmail.com', 2),
	(563, 1, 4929932, 'jose v', 'ruiz', '1959-08-12', '', '4265417722', 'san carlos', 'ruizjv@gmail.com', 2),
	(564, 1, 3691401, 'miguel j', 'san juan', '1952-11-21', '', '0', 'san carlos', 'virgicarl@hotmail.com', 2),
	(565, 1, 2853707, 'manuel a', 'serrano z', '1946-08-17', '', '0', 'san carlos', 'manelfredo@hotmail.com', 2),
	(566, 1, 3920814, 'carlos j', 'solorzano c', '1954-01-06', '', '0', 'san carlos', 'casolca1@hotmail.com', 2),
	(567, 1, 3689321, 'jose l', 'urbinas s', '1950-09-18', '', '0', 'san carlos', 'virgicarl@hotmail.com', 2),
	(568, 1, 4059782, 'antonio jose', 'urrutia', '1948-07-12', '', '0', 'san carlos', 'virgicarl@hotmail.com', 2),
	(569, 1, 1033973, 'jose f', 'vargas p', '1941-03-26', '', '0', 'san carlos', 'prof.vargas@gmail.com', 2),
	(570, 1, 3639541, 'wilfredo', 'ventura s', '1947-08-10', '2585112584', '4124196373', 'san carlos', 'wilfredoventura@hotmail.es', 2),
	(571, 1, 4207491, 'laura', 'villamizar de v', '1955-02-07', '', '4244208409', 'san carlos', 'lauritadevivas@hotmail.com', 2),
	(572, 1, 4039274, 'denis o', 'villaroel e', '1954-04-02', '', '0', 'san carlos', 'denisespi@hotmail.com', 2),
	(573, 1, 3997257, 'DOMINGO E', 'vivas s', '1956-01-08', '', '0', 'san carlos', 'domingovivassanchez@hotmail.com', 2),
	(574, 1, 3209743, 'felix a', 'zambrano z', '1947-04-16', '', '0', 'san carlos', 'faz_1947@hotmail.com', 2),
	(575, 1, 2786416, 'angel ', 'flores g', '1950-09-15', '', '4164334217', 'san carlos (+)', 'virgicarl@hotmail.com', 2),
	(576, 1, 8672524, 'francisco l', 'ravelo d', '1963-01-15', '', '0', 'san carlos (+)', 'virgicarl@hotmail.com', 2),
	(577, 1, 4263076, 'aldemaro', 'sierra z', '1956-07-28', '', '0', 'san carlos (+)', 'virgicarl@hotmail.com', 2),
	(578, 1, 2729415, 'pastor ', 'aguilera m', '1943-01-23', '', '0', 'guanare', 'virgicarl@hotmail.com', 2),
	(579, 1, 4924232, 'jose luis', 'altuve marenco ', '1957-02-04', '', '4161594874', 'guanare', 'altuve57@hotmail.com', 2),
	(580, 1, 13505327, 'neiflor', 'alvarado r', '1976-12-01', '', '0', 'guanare', 'neiflor@hotmail.com', 2),
	(581, 1, 3947490, 'manuel m', 'alvarez t', '1953-06-11', '2572568069', '4140556862', 'guanare', 'manalvarez@unellez.edu.ve', 2),
	(582, 1, 8058147, 'yumaris', 'arias de c', '1960-02-19', '2563283145', '4245372008', 'guanare', 'y_u_maris@hotmail.com', 2),
	(583, 1, 9256789, 'adelis a', 'arias', '1964-10-19', '', '4145606520', 'guanare', 'adearias@yahoo.com', 2),
	(584, 1, 9383538, 'orlando m ', 'arias', '1967-04-01', '', '0', 'guanare', 'virgicarl@hotmail.com', 2),
	(585, 1, 8001017, 'gerardo a', 'aymard', '1959-12-02', '2572510852', '4168574102', 'guanare', 'gaymard@cantv.net', 2),
	(586, 1, 4549822, 'yajaira c', 'azcarate m', '1957-06-03', '', '0', 'guanare', 'virgicarl@hotmail.com', 2),
	(587, 1, 4962386, 'thaida m', 'berrios de s', '1960-10-10', '2572516142', '4245146095', 'guanare', 'thberrio@hotmail.com', 2),
	(588, 1, 10729889, 'yonnys a', 'BETANCOURT ', '1970-10-16', '', '0', 'guanare', 'yonnysb@hotmail.com', 2),
	(589, 1, 9565259, 'rithard l', 'bolivar r', '1967-04-24', '2554146324', '4145042349', 'guanare', 'ritharbolivar@gmail.com', 2),
	(590, 1, 5508120, 'jose a', 'bonilla s', '1954-12-22', '', '0', 'guanare', 'virgicarl@hotmail.com', 2),
	(591, 1, 12021523, 'alfonsina g', 'bravo g', '1974-06-15', '', '0', 'guanare', 'alfgraci@hotmail.com', 2),
	(592, 1, 13039359, 'rosalba c', 'bueno s', '1977-04-15', '', '4167356399', 'guanare', 'rosalbabueno@gmail.com', 2),
	(593, 1, 4092633, 'marcos h', 'camargo g', '1955-05-01', '', '0', 'guanare', 'virgicarl@hotmail.com', 2),
	(594, 1, 5280028, 'adolfo ', 'cardozo b', '1960-12-18', '', '0', 'guanare', 'virgicarl@hotmail.com', 2),
	(595, 1, 4349397, 'otto', 'castillo g', '1955-08-01', '2572560155', '4145667845', 'guanare', 'ottozoologo@gmail.com', 2),
	(596, 1, 2806611, 'luis a', 'chacon l', '1949-01-01', '', '0', 'guanare', 'virgicarl@hotmail.com', 2),
	(597, 1, 4925304, 'mifai', 'chang r', '1958-04-15', '', '0', 'guanare', 'mifaic@hotmail.com', 2),
	(598, 1, 6181338, 'nidia l', 'cuello a', '1964-10-25', '2572510852', '4125179591', 'guanare', 'ncuello@cantv.net', 2),
	(599, 1, 4349175, 'macario', 'de paz', '1954-08-29', '', '0', 'guanare', 'virgicarl@hotmail.com', 2),
	(600, 1, 8618409, 'yamal', 'el hennaoi e', '1966-12-20', '', '0', 'guanare', 'virgicarl@hotmail.com', 2),
	(601, 1, 5747371, 'MARIA l', 'estrada de p', '1960-03-27', '2572519181', '4245500511', 'guanare ', 'marialo@hotmail.com', 2),
	(602, 1, 10040814, 'jose agustin', 'farreras pinto', '1969-01-18', '2572560378', '4145340676', 'guanare', 'farreras3022@hotmail.com', 2),
	(603, 1, 12351676, 'maritza c', 'lobo fernandez', '1976-01-05', '2578085230', '4125105648', 'guanare', 'unellezfmaritza@hotmail.com', 2),
	(604, 1, 4925547, 'jose o', 'flores g', '1958-02-22', '2735331515', '4147794664', 'guanare', 'joseovidioflores@gmail.com', 2),
	(605, 1, 8054958, 'victor e', 'francisco m', '1964-11-02', '', '4265581681', 'guanare', 'vfranciscomartin@yahoo.com', 2),
	(606, 1, 3729524, 'jimmy', 'garcia l', '1951-09-12', '4168571783', '4145758451', 'guanare', 'jimmygarcia@cantv.net', 2),
	(607, 1, 5700763, 'juan e', 'garcia p', '1935-02-17', '', '4166570317', 'guanare', 'jegarciap@gmail.com', 2),
	(608, 1, 12647850, 'carlos j', 'garcia ramos', '1976-09-26', '', '0', 'guanare', 'ctoussaintte@hotmail.com', 2),
	(609, 1, 8454413, 'carlos a', 'garcia t', '2012-10-25', '2572568507', '4145788283', 'guanare', 'arqcajogara@gmail.com', 2),
	(610, 1, 5375152, 'antonio j', 'gonzalez f', '2012-10-25', '2572531307', '4166570362', 'guanare', 'angonfer@gmail.com', 2),
	(611, 1, 5220624, 'ildemaro', 'gonzalez', '1960-01-08', '4145674097', '2572568506', 'guanare', 'ildemaro522@gmail.com', 2),
	(612, 1, 3835141, 'victor j', 'guedez v', '1953-11-28', '', '4261082145', 'guanare', 'victorguedezv@hotmail.com', 2),
	(613, 1, 5087958, 'nirland j', 'gutierrez f', '1958-06-18', '2572512746', '4145662748', 'guanare', 'ngutif@gmail.com', 2),
	(614, 1, 9424853, 'miguel a', 'henriquez m', '1967-12-12', '2578085148', '4145775097', 'guanare', 'mhenriquez@hotmail.com', 2),
	(615, 1, 4064475, 'adruman a', 'hernandez g', '1951-02-24', '', '0', 'guanare', 'virgicarl@hotmail.com', 2),
	(616, 1, 3224563, 'alberto j', 'herrera g', '1946-11-21', '2572511083', '4263091186', 'guanare', 'aljohego@cantv.net', 2),
	(617, 1, 9512559, 'mariana', 'leon l', '1960-01-13', '2558080227', '4145784090', 'guanare', 'marleonn@hotmail.com', 2),
	(618, 1, 4244421, 'adelaida ', 'look r', '1961-02-13', '', '0', 'guanare', 'virgicarl@hotmail.com', 2),
	(619, 1, 5595321, 'nancy c', 'lopez l', '1959-04-07', '2572530575', '4120999016', 'guanare', 'nlopez704@hotmail.com', 2),
	(620, 1, 11084119, 'edmary c', 'lozada p', '1971-07-08', '2556216204', '4141572028', 'guanare', 'edmarylozadap@yahoo.com', 2),
	(621, 1, 8183322, 'isabel t', 'macias de', '1962-11-19', '', '0', 'guanare', 'virgicarl@hotmail.com', 2),
	(622, 1, 4584587, 'crispulo j', 'marrero', '1954-06-10', '2572568046', '4161288627', 'guanare', 'krispulom@gmail.com', 2),
	(623, 1, 2476764, 'tania', 'martinez de t', '1956-02-29', '2572568127', '4143570905', 'guanare', 'taniamartinez56@hotmail.com', 2),
	(624, 1, 2728623, 'pablo r', 'marvez m', '1947-08-30', '', '0', 'guanare', 'virgicarl@hotmail.com', 2),
	(625, 1, 3539765, 'juan de la c', 'medina a', '1952-01-28', '', '4161288243', 'guanare', 'juan_medina52@cantv.net', 2),
	(626, 1, 11077055, 'marlene j', 'naim', '1970-07-23', '2572510485', '4165158383', 'guanare', 'azonaim@hotmail.com', 2),
	(627, 1, 4260086, 'duilio b', 'nieves', '1959-01-16', '', '4168570826', 'guanare', 'dnieves@cantv.net', 2),
	(628, 1, 9992847, 'nino s', 'miguel ', '1967-02-26', '', '0', 'guanare', 'virgicarl@hotmail.com', 2),
	(629, 1, 5971539, 'ricardo j', 'orellana', '1961-09-23', '', '4145658111', 'guanare', 'rj1961ore@hotmail.com', 2),
	(630, 1, 9401365, 'maryoly', 'ortega b', '1966-11-09', '', '0', 'guanare', 'virgicarl@hotmail.com', 2),
	(631, 1, 8550472, 'carlos e', 'parraga j', '1957-10-10', '', '4145775778', 'guanare', 'eloycarlos@cantv.net', 2),
	(632, 1, 3210520, 'jesus m', 'pena b', '1946-12-24', '', '0', 'guanare', 'virgicarl@hotmail.com', 2),
	(633, 1, 4956724, 'lesbia n', 'perez de r', '1962-11-23', '', '0', 'guanare', 'virgicarl@hotmail.com', 2),
	(634, 1, 9266357, 'claudia m', 'perez y', '1965-09-26', '2575335348', '4145146535', 'guanare', 'cperezyepez@hotmail.com', 2),
	(635, 1, 13441898, 'chile dougmary', 'petit salazar', '1977-03-11', '', '4261070463', 'guanare', 'profchile@gmail.com', 2),
	(636, 1, 8053707, 'santiago m', 'quintana m', '1961-02-15', '', '416351918', 'guanare', 'santiagomanuel@unellez.edu.ve', 2),
	(637, 1, 3592626, 'juan pedro', 'mauhad p', '1948-07-24', '', '0', 'barinas', 'virgicarl@hotmail.com', 2),
	(638, 1, 7595368, 'jorge l', 'quintero v', '1964-04-12', '2572530115', '4265571601', 'guanare', 'jlquinter@gmail.com', 2),
	(639, 1, 4931297, 'ymmer d', 'ramirez f', '1957-09-01', '2572560491', '4245306427', 'guanare', 'ymdaram@hotmail.com', 2),
	(640, 1, 14205111, 'mannelly del c', 'ramirez g', '1980-04-20', '2572518417', '4141593917', 'guanare', 'mannelly_ramirez@yahoo.com', 2),
	(641, 1, 10144369, 'wilmer j', 'reyes fernandez', '1969-11-30', '', '0', 'guanare', 'wilmereyesf@hotmail.com', 2),
	(642, 1, 3836785, 'yadidla', 'rodriguez de m', '1953-12-21', '2572530918', '4145576653', 'guanare', 'yadidlarodriguez@yahoo.es', 2),
	(643, 1, 3585542, 'francisco', 'RODRIGUEZ e', '1951-03-26', '2572534823', '4269529628', 'guanare', 'el-portu@hotmail.es', 2),
	(644, 1, 4446213, 'JUAN F', 'RODRIGUEZ s', '1957-05-06', '2572568127', '4168559679', 'guanare', 'jrodrig57@hotmail.com', 2),
	(645, 1, 4373038, 'felix', 'ROMERO DE M', '1954-07-25', '', '0', 'guanare', 'virgicarl@hotmail.com', 2),
	(646, 1, 8067131, 'ibis j', 'rudman t', '1963-07-13', '', '0', 'guanare', 'rudmanta4@hotmail.com', 2),
	(647, 1, 6364816, 'felix', 'salamanca m', '1962-10-20', '', '0', 'guanare', 'felsalam@hotmail.com', 2),
	(648, 1, 3070424, 'marcos a', 'salas s', '1940-12-13', '', '4245010922', 'guanare', 'marcsal49@gmail.com', 2),
	(649, 1, 1200646, 'jose a', 'sanchez p', '1932-05-10', '', '0', 'guanare', 'virgicarl@hotmail.com', 2),
	(650, 1, 4509633, 'oscar', 'sanchez', '1951-11-22', '2572519383', '4145784793', 'guanare', 'inssans@yahoo.com', 2),
	(651, 1, 10723676, 'isabel b', 'schargel m', '1970-09-09', '2574156916', '4245506066', 'guanare', 'ischargel@yahoo.com', 2),
	(652, 1, 6561692, 'angela', 'schmitz', '1963-03-08', '', '0', 'guanare', 'virgicarl@hotmail.com', 2),
	(653, 1, 4055932, 'andres e', 'seijas y', '1949-12-13', '', '0', 'guanare', 'aeseijas@gmail.com', 2),
	(654, 1, 4924984, 'nestor j', 'solorzano e', '1955-12-20', '', '0', 'guanare', 'josesolorzano@cantv.net', 2),
	(655, 1, 5749307, 'jesus p', 'SOLORZANO r', '1960-12-24', '', '4265154073', 'guanare', 'jps.solorzano@gmail.com', 2),
	(656, 1, 81257201, 'donald c', 'taphorn b', '1951-09-08', '', '0', 'guanare', 'virgicarl@hotmail.com', 2),
	(657, 1, 6384228, 'tulio j', 'tarifa', '1957-07-30', '', '0', 'guanare', 'virgicarl@hotmail.com', 2),
	(658, 1, 14600128, 'omar ', 'teran h', '1979-07-21', '', '0', 'guanare', 'omarteran21@hotmail.com', 2),
	(659, 1, 4369614, 'yorman de j', 'tovar', '1955-11-26', '2572568158', '4145772478', 'guanare', 'elmayortrovon@hotmail.com', 2),
	(660, 1, 7722447, 'ricardo ', 'urriola p', '1961-11-17', '', '0', 'guanare', 'urriolar2005@gmail.com', 2),
	(661, 1, 11556933, 'oswaldo ', 'vallejo t', '1953-03-16', '4125118201', '4166570071', 'guanare', 'ovallejotorres9@gmail.com', 2),
	(662, 1, 8065902, 'felix a', 'vargas a', '1963-09-30', '2572560392', '4261319454', 'guanare', 'felixvargas2007@gmail.com', 2),
	(663, 1, 4953598, 'sotero', 'varillas g', '1959-03-27', '', '4267081110', 'guanare', 'sotero.cheo@hotmail.com', 2),
	(664, 1, 6348337, 'antonio jose', 'veiga mendez', '1969-09-14', '2572532434', '4145683707', 'guanaare', 'antonioveiga69@gmail.com', 2),
	(665, 1, 10256718, 'claudia e', 'velasco k', '1971-05-14', '2572560378', '4265331099', 'guanare', 'elenavelazco@gmail.com', 2),
	(666, 1, 3857705, 'carlos i', 'vera c', '1954-03-23', '', '0', 'guanare', 'carlosvera735@hotmail.com', 2),
	(667, 1, 13041626, 'danny a', 'villegas r', '1977-10-28', '', '0', 'guanare', 'virgicarl@hotmail.com', 2),
	(668, 1, 5653973, 'leopoldo', 'vivas m', '1961-03-13', '2572513171', '4265501744', 'guanare', 'leopoldovivas@hotmail.com', 2),
	(669, 1, 5682680, 'jesus m', 'vivas s', '1963-06-09', '', '0', 'guanare', 'vivaje@hotmail.com', 2),
	(670, 1, 5648789, 'cesar r', 'zambrano a', '1959-03-03', '2572513618', '4145776017', 'guanare', 'czambrano33@hotmail.com', 2),
	(671, 1, 4001359, 'zambrano a', 'francisco j', '1955-01-15', '2572539474', '4245735859', 'guanare', 'fzamb55@gmail.com', 2),
	(672, 1, 11402508, 'mary l', 'alvarado p', '1972-11-17', '2572533112', '4245010572', 'guanare', 'malialpa@hotmail.com', 2),
	(673, 1, 9986038, 'rafael a', 'espana m', '1969-09-10', '', '0', 'guanare', 'respana1@gmail.com', 2),
	(674, 1, 12555621, 'mairin r', 'martinez e', '1977-07-28', '', '0', 'guanare', 'virgicarl@hotmail.com', 2),
	(675, 1, 10723967, 'RAFAEL A', 'reyes r', '1971-07-01', '2573955532', '4245013120', 'guanare', 'rafaelr8@hotmail.com', 2),
	(676, 1, 10264504, 'nora j', 'valbuena t', '1972-01-28', '2572539632', '4140544100', 'guanare', 'njvalbuena@hotmail.com', 2),
	(677, 1, 1607749, 'francisco j', 'acevedo s', '1940-10-30', '2572514874', '0', 'guanare', 'energy_19luis@hotmail.com', 2),
	(678, 1, 12389142, 'luis e', 'ALVAREZ l', '1946-09-11', '2512623248', '4164195244', 'guanare', 'al110946@gmail.com', 2),
	(679, 1, 3985656, 'anez q', 'miguel', '2012-10-30', '', '0', 'guanare', 'virgicarl@hotmail.com', 2),
	(680, 1, 3858267, 'jose francisco', 'arias nunez', '1948-09-20', '', '0', 'guanare', 'virgicarl@hotmail.com', 2),
	(681, 1, 3840550, 'maria', 'arraiz de s', '1949-03-30', '', '4168573880', 'guanare', 'marriaz49@cantv.net', 2),
	(682, 1, 3038846, 'luis e', 'barreto g', '1951-01-09', '2572519117', '4145670161', 'guanare', 'lebarretogarcia@gmail.com', 2),
	(683, 1, 3301551, 'SIMON', 'bravo planas', '1950-10-07', '2572568228', '4145755555', 'guanare', 'simonbravoplana@gmail.com', 2),
	(684, 1, 1786358, 'jose m', 'carantona a', '1940-12-06', '', '0', 'guanare', 'mjcscaranto@hotmail.com', 2),
	(685, 1, 3126112, 'rosario', 'cardozo b', '1945-08-07', '4165431406', '2572530485', 'guanare', 'rosarioj94@gmail.com', 2),
	(686, 1, 4258120, 'carvallo l', 'luis e', '1955-04-15', '', '0', 'guanare', 'virgicarl@hotmail.com', 2),
	(687, 1, 1129679, 'jose a', 'casal h ', '1947-09-09', '', '0', 'guanare', 'jrcasalh@yahoo.es', 2),
	(688, 1, 3994636, 'miguel ', 'centeno b', '1950-01-09', '', '0', 'guanare', 'virgicarl@hotmail.com', 2),
	(689, 1, 3076841, 'elio e', 'chacon m', '1946-08-27', '', '0', 'guanare', 'virgicarl@hotmail.com', 2),
	(690, 1, 340530, 'eduardo', 'ciangherotti b', '1936-11-14', '', '0', 'guanare', 'virgicarl@hotmail.com', 2),
	(691, 1, 632501, 'martin i', 'corea v', '1948-12-19', '', '0', 'guanare', 'virgicarl@hotmail.com', 2),
	(692, 1, 5129318, 'loredana', 'cremi de c', '1960-06-14', '2575310761', '4245201174', 'guanare', 'lcb_45@yahoo.com', 2),
	(693, 1, 2144946, 'efren e', 'diaz j', '1946-06-18', '', '0', 'guanare', 'virgicarl@hotmail.com', 2),
	(694, 1, 4239039, 'enrique ', 'downing la r', '1953-12-13', '2572530819', '4165018093', 'guanare', 'enriquedowning@gmail.com', 2),
	(695, 1, 3225848, 'GLADYS ', 'duran d s', '1945-03-18', '2512520817', '4169573946', 'guanare', 'gladysa.durand@gmail.com', 2),
	(696, 1, 2460153, 'luis s', 'faria s', '1944-03-01', '', '0', 'guanare', 'virgicarl@hotmail.com', 2),
	(697, 1, 5307825, 'santiago ', 'farinas j', '1944-08-16', '', '0', 'guanare', 'virgicarl@hotmail.com', 2),
	(698, 1, 3085359, 'eduardo h', 'flores v', '1945-12-01', '', '0', 'guanare', 'ehfv1@hotmail.com', 2),
	(699, 1, 3321754, 'willian ', 'garcia o', '1949-12-13', '', '0', 'guanare', 'wuiliamgarcia@gmail.com', 2),
	(700, 1, 4239481, 'rafael c', 'gomez m', '1949-03-04', '2572510256', '4145792022', 'guanare', 'rgomezm53@gmail.com', 2),
	(701, 1, 3812974, 'rafael e', 'gonzalez l', '1951-05-06', '2572568083', '4165753140', 'guanare', 'reglanza05@gmail.com', 2),
	(702, 1, 3792886, 'milarbe r', 'guerra b', '1951-10-10', '', '4147186917', 'guanare', 'milarbe_guerra@hotmail.com', 2),
	(703, 1, 2231674, 'porfirio', 'HERNANDEZ P', '1946-05-04', '', '0', 'guanare', 'virgicarl@hotmail.com', 2),
	(704, 1, 3471294, 'OTTO ', 'hoffmann', '1948-08-26', '', '0', 'guanare', 'virgicarl@hotmail.com', 2),
	(705, 1, 2871557, 'atilio j', 'linares ', '1941-12-30', '', '0', 'guanare', 'virgicarl@hotmail.com', 2),
	(706, 1, 3651593, 'jose ali', 'lobo marquez', '1950-03-23', '2572511451', '4245041704', 'guanare', 'josealilobomar@hotmail.com', 2),
	(707, 1, 2036756, 'juan g', 'lucena e', '1945-05-14', '', '0', 'guanare', 'virgicarl@hotmail.com', 2),
	(708, 1, 3076654, 'luis e', 'mancilla', '1947-09-03', '', '0', 'guanare', 'virgicarl@hotmail.com', 2),
	(709, 1, 1483774, 'rafael a', 'martinez', '1937-11-22', '', '0', 'guanare', 'virgicarl@hotmail.com', 2),
	(710, 1, 2724690, 'ernesto a', 'mejias c', '1945-11-05', '', '0', 'guanare', 'ernestomejiaa@hotmail.com', 2),
	(711, 1, 3115328, 'maria a', 'molero c', '1943-12-25', '', '0', 'guanare', 'virgicarl@hotmail.com', 2),
	(712, 1, 3345415, 'luis a', 'morales h', '1950-11-07', '', '0', 'guanare', 'virgicarl@hotmail.com', 2),
	(713, 1, 8133529, 'mario ', 'moreno z', '1942-06-07', '', '0', 'guanare', 'virgicarl@hotmail.com', 2),
	(714, 1, 3451473, 'manuel s', 'moya vargas', '1947-08-21', '', '0', 'guanare', 'virgicarl@hotmail.com', 2),
	(715, 1, 3479522, 'antonia', 'munoz e', '1949-12-23', '', '0', 'guanare', 'virgicarl@hotmail.com', 2),
	(716, 1, 2722942, 'munoz o', 'nestor l', '1943-05-07', '2572530918', '4143570978', 'guanare', 'virgicarl@hotmail.com', 2),
	(717, 1, 4165486, 'ortiz de g', 'zulay', '1954-08-07', '', '0', 'guanare', 'virgicarl@hotmail.com', 2),
	(718, 1, 2869098, 'heberto ', 'pacheco v', '1945-06-03', '2572515284', '4145778025', 'guanare', 'heberpache@hotmail.com', 2),
	(719, 1, 1388574, 'enrique r', 'pacheco', '1936-01-17', '', '0', 'guanare', 'virgicarl@hotmail.com', 2),
	(720, 1, 1205169, 'arturo', 'parra m', '1936-02-09', '', '0', 'guanare', 'virgicarl@hotmail.com', 2),
	(721, 1, 2725817, 'jose c', 'perez o', '1945-02-25', '2572517674', '4245433590', 'guanare', 'perezoraa@hotmail.com', 2),
	(722, 1, 1269087, 'CARLOS ', 'ramirez r', '1935-08-01', '2418433424', '4140389819', 'guanare', 'carlosramirez_6@hotmail.com', 2),
	(723, 1, 8018695, 'luis', 'rengel a', '1951-06-10', '2742634078', '4147474171', 'guanare', 'irengel@hotmail.com', 2),
	(724, 1, 4384271, 'arlene c', 'rodriguez m', '1955-03-20', '2576352055', '0', 'guanare', 'arlenrodriguez@cantv.net', 2),
	(725, 1, 3162523, 'raul g', 'rodriguez r', '1948-07-25', '', '4145459275', 'guanare', 'raulgro@hotmail.com', 2),
	(726, 1, 3916235, 'jose f', 'RODRIGUEZ ', '1954-05-14', '2572515557', '4145772560', 'guanare', 'pancholai@yahoo.com', 2),
	(727, 1, 3121204, 'thais', 'romero b', '1944-04-24', '', '0', 'guanare', 'virgicarl@hotmail.com', 2),
	(728, 1, 4055529, 'arabella', 'romero de b', '1952-01-20', '', '0', 'guanare', 'virgicarl@hotmail.com', 2),
	(729, 1, 10724866, 'basil g', 'stergios d', '1940-02-05', '', '4140580748', 'guanare', 'basilven@gmail.com', 2),
	(730, 1, 9407681, 'froilan r', 'tejos m', '1942-04-04', '', '0', 'guanare', 'virgicarl@hotmail.com', 2),
	(731, 1, 3661375, 'RAFAEL', 'thimann r', '1953-01-19', '', '4145502400', 'guanare', 'apistthim@hotmail.com', 2),
	(732, 1, 3835472, 'lisandro a', 'urriola g', '1952-12-09', '', '0', 'guanare', 'urriolar2005@gmail.com', 2),
	(733, 1, 383934, 'pedro j', 'urriola m', '1929-09-22', '', '0', 'guanare', 'virgicarl@hotmail.com', 2),
	(734, 1, 3588605, 'antonio j', 'utrera l', '1953-11-07', '', '0', 'guanare', 'autrera1953@yahoo.com', 2),
	(735, 1, 3114165, 'lucas ', 'van b b', '1947-07-27', '', '0', 'guanare', 'ivanbale@cantv.net', 2),
	(736, 1, 4058384, 'mary ', 'vargas de r', '1951-06-10', '2572530539', '4245461533', 'guanare', 'colmena@gmail.com', 2),
	(737, 1, 1599024, 'nestor g', 'vega o', '1939-04-06', '2572568144', '0', 'guanare', 'n-g-vega@hotmail.com', 2),
	(738, 1, 3781009, 'martin ', 'venegas g', '1952-07-24', '', '0', 'guanare', 'virgicarl@hotmail.com', 2),
	(739, 1, 2124270, 'rafael p', 'falcon w', '1943-02-05', '2572514929', '4267526809', 'guanare (Pensionado)', 'rfalcon2124@gmail.com', 2),
	(740, 1, 6581500, 'juan c', 'araque r', '1966-07-29', '', '0', 'guanare (+)', 'virgicarl@hotmail.com', 2),
	(741, 1, 3836486, 'adan c', 'bustillos c', '1951-03-30', '', '0', 'guanare (+)', 'virgicarl@hotmail.com', 2),
	(742, 1, 2725641, 'enrique g', 'mago t', '1948-04-22', '', '0', 'guanare (+)', 'virgicarl@hotmail.com', 2),
	(743, 1, 3869146, 'francisco', 'ortega m', '1945-11-05', '', '0', 'guanare (+)', 'virgicarl@hotmail.com', 2),
	(744, 1, 4238152, 'sotero l', 'parra e', '1953-09-28', '', '0', 'guanare (+)', 'virgicarl@hotmail.com', 2),
	(745, 1, 5629582, 'gilberto a', 'rios u', '1959-10-03', '', '0', 'guanare (+)', 'virgicarl@hotmail.com', 2),
	(746, 1, 8026827, 'rafael e', 'sanoja t', '1965-01-09', '', '0', 'guanare (+)', 'virgicarl@hotmail.com', 2),
	(747, 1, 3632192, 'rigoberto', 'su ah s', '1950-10-05', '', '0', 'guanare (+)', 'virgicarl@hotmail.com', 2),
	(748, 1, 651831, 'pedro l', 'mujica s', '1924-01-01', '', '0', 'apure (+)', 'virgicarl@hotmail.com', 2),
	(749, 1, 2776417, 'luis g', 'mundarain o', '1942-08-20', '', '0', 'apure (+)', 'virgicarl@hotmail.com', 2),
	(750, 1, 3500929, 'roquil', 'silvan p', '1947-04-24', '', '0', 'apure (+)', 'virgicarl@hotmail.com', 2),
	(751, 1, 2475982, 'flora', 'lamogglia', '1955-12-23', '4245154418', '2735410453', 'barinas', 'lfloravzla@hotmail.com', 2),
	(752, 1, 4794908, 'marisela', 'hurtado', '1959-07-20', '', '0', 'barinas', 'mariselahl@hotmail.com', 2),
	(753, 1, 9620906, 'osmar', 'oliveros', '1967-10-15', '', '0', 'barinas', 'osmaro68@hotmail.com', 2),
	(754, 1, 6590980, 'yarisma maria', 'unda puerta', '1963-04-22', '', '0', 'barinas', 'virgicarl@hotmail.com', 2),
	(755, 1, 1099527, 'nora', 'subero', '1970-06-08', '', '4245529666', 'barinas', 'nora_subero@hotmail.com', 1),
	(756, 1, 4263771, 'baltazar', 'BETANCOURT', '1957-04-08', '', '0', 'barinas', 'virgicarl@hotmail.com', 2),
	(757, 1, 9226549, 'nayibe', 'perez aguilera', '1964-06-28', '', '0', 'apure', 'virgicarl@hotmail.com', 2),
	(758, 1, 9471742, 'albio', 'marquez', '1957-06-04', '', '0', 'barinas (revisar)', 'virgicarl@hotmail.com', 2),
	(759, 1, 8040179, 'dilia virginia', 'vergara u', '1966-06-29', '', '4145726655', 'barinas', 'virgicarl@hotmail.com', 2),
	(760, 1, 10152787, 'jose ramon', 'contreras z', '1964-06-22', '', '4267036050', 'barinas', 'ramoncontreras64@hotmail.com', 2),
	(761, 1, 13146523, 'ailema nohelia', 'pena', '1977-05-19', '', '4145767007', 'barinas', 'ailemayepc@hotmail.com', 2),
	(762, 1, 9986975, 'carmen alicia', 'moreno leal', '1967-07-19', '', '4145734691', 'barinas', 'aliciaml19@hotmail.com', 2),
	(763, 1, 13303789, 'leibnys j', 'briceno v', '1977-12-06', '', '0', 'barinas', 'leibnys@hotmail.com', 2),
	(764, 1, 13591140, 'lucy c', 'garcia rangel', '1976-10-27', '', '4145049658', 'barinas', 'virgicarl@hotmail.com', 2),
	(765, 1, 1277973, 'rito jose', 'rojas primera', '1939-05-22', '', '4145720126', 'barinas', 'virgicarl@hotmail.com', 2),
	(766, 1, 4669803, 'leida m', 'leon', '1954-02-16', '', '0', 'barinas', 'virgicarl@hotmail.com', 2),
	(767, 1, 4263110, 'yudith', 'uzcategui', '1957-05-24', '', '0', 'barinas', 'yudithuzcategui@hotmail.com', 2),
	(768, 1, 11189954, 'rosa g', 'pellicano t', '1971-06-23', '', '0', 'barinas', 'giovapili@hotmail.com', 2),
	(769, 1, 15828921, 'yulimar del c', 'rodriguez g', '1983-01-27', '', '0', 'barinas', 'yulimarrg@hotmail.com', 2),
	(770, 1, 17467329, 'ERIKA', 'ulloa ', '1985-04-20', '', '0', 'barinas', 'erikita_andrea@hotmail.com', 2),
	(771, 1, 11443381, 'monica e', 'pantoja', '1972-05-04', '', '0', 'barinas', 'monicapantojas@hotmail.com', 2),
	(772, 1, 12208958, 'mayra coromoto', 'hernandez pacheco', '1974-04-01', '', '4245689331', 'barinas', 'mayralaya@hotmail.com', 2),
	(773, 1, 16979307, 'daimar ', 'montilla araque', '1983-12-19', '', '4145190621', 'barinas', 'dayxlivrio@hotmail.com', 2),
	(774, 1, 13636558, 'eilyn lisseth', 'ocanto avilan', '1977-12-24', '', '4245178485', 'barinas', 'eilyno@hotmail.com', 2),
	(775, 1, 8198078, 'suleyis m', 'blanco', '1963-08-25', '', '0', 'barinas', 'virgicarl@hotmail.com', 2),
	(776, 1, 8064371, 'maria a', 'araujo b', '1962-11-19', '', '0', 'barinas', 'virgicarl@hotmail.com', 2),
	(777, 1, 10987958, 'andrea n', 'solorzano b', '1971-05-02', '', '0', 'barinas', 'virgicarl@hotmail.com', 2),
	(778, 1, 22222222, 'jose ', 'perez', '1990-02-22', '2731111111', '4243333333', 'barinas', 'joseperez@gmail.com', 1),
	(779, 1, 18937904, 'arancibia ', 'sergio', '1945-09-23', '2129792914', '4165688163', 'barinas', 'sav1945@gmail.com', 2),
	(780, 1, 5417258, 'raul', 'palma garcia', '1958-07-20', '', '4164785732', 'barinas', 'garciap_20@hotmail.com', 2),
	(781, 1, 11808273, 'carrasquel', 'mariangela', '1972-10-13', '', '4127760223', 'san carlos', 'macarras13@gmail.com', 2),
	(782, 1, 3133174, 'yolanda ', 'barazarte de', '1948-12-31', '2735410931', '4145697180', 'barinas', 'ybdes@hotmail.com', 2),
	(783, 1, 9985519, 'jimy', 'rondon', '1968-08-01', '', '4145079685', 'barinas', 'junellez@hotmail.com', 2),
	(784, 1, 5278648, 'maria auxiliadora', 'RODRIGUEZ', '1960-02-04', '2735411406', '4268967913', 'barinas', 'profesoramariarodriguez@gmail.com', 2),
	(785, 1, 3690094, 'nelson', 'montiel acosta', '1955-04-11', '', '4143735219', 'barinas', 'nelsonmontiel@yahoo.com', 2),
	(786, 1, 4218190, 'ELIDIA', 'VALDEZ', '1955-09-23', '', '4145595220', 'guanare', 'ediliavaldez@gmail.com', 2),
	(787, 1, 19517652, 'juanvier alejandro', 'laya leal', '1990-02-22', '2735416216', '4245856856', 'barinas', 'juanvier_14@hotmail.com', 2),
	(788, 1, 4931888, 'dexi', 'azuaje', '1961-07-10', '', '4145714710', 'barinas', 'dazuajel@hotmail.com', 2),
	(789, 1, 6697459, 'douglas', 'moreno', '1964-08-02', '', '4145813628', 'barinas', 'duglasmoreno@gmail.com', 2),
	(790, 1, 8048186, 'pablo', 'valero z', '2013-04-30', '', '0', 'barinas', 'pojol@hotmail.com', 2),
	(791, 1, 8140047, 'maria', 'andueza', '2013-04-30', '', '0', 'barinas', 'virgicarl@hotmail.com', 2),
	(792, 1, 9972188, 'begona', 'garcia', '1971-01-07', '', '0', 'barinas', 'virgicarl@hotmail.com', 2),
	(793, 1, 9986104, 'jose rafael', 'quintero', '1968-04-14', '', '0', 'barinas', 'virgicarl@hotmail.com', 2),
	(794, 1, 10562026, 'alfredo', 'alzuru r', '1970-03-19', '', '4245811970', 'barinas', 'alfredoalzuru@gmail.com', 2),
	(795, 1, 1608311, 'augusto', 'despujos', '1942-02-17', '', '4149557222', 'barinas', 'macoing@cantv.net', 2),
	(796, 1, 2146724, 'miguel ', 'garcia', '1962-04-12', '', '0', 'san carlos ', 'mago1500@hotmail.com', 2),
	(797, 1, 3393813, 'magaly', 'bermudez', '1951-01-01', '', '0', 'barinas', 'virgicarl@hotmail.com', 2),
	(798, 1, 3428097, 'duque', 'ivo', '1945-03-09', '', '4164704321', 'barinas', 'ivoduque@hotmail.com', 2),
	(799, 1, 3977913, 'nancy', 'mendez', '1948-07-02', '', '0', 'guanare', 'virgicarl@hotmail.com', 2),
	(800, 1, 4198384, 'elio', 'quintero', '1957-10-01', '', '4143548267', 'barinas', 'elioquinteroduin@hotmail.com', 2),
	(801, 1, 10724888, 'carlos', 'teran', '1970-06-07', '2572530489', '4245256722', 'guanare', 'cteran7@yahoo.es', 2),
	(802, 1, 10995527, 'nora', 'subero delgado', '1970-06-08', '', '4245529666', 'barinas', 'nora_subero@hotmail.com', 2),
	(803, 1, 11113520, 'irene', 'rangel ', '1975-09-25', '', '4265750971', 'barinas', 'irzuradi@hotmail.com', 2),
	(804, 1, 11238327, 'ruben', 'morales', '1971-08-09', '', '4265710259', 'barinas', 'rubenmorales@ucla.edu.ve', 2),
	(805, 1, 11709145, 'vanezza', 'reyes', '1972-10-26', '', '0', 'barinas', 'virgicarl@hotmail.com', 2),
	(806, 1, 12138279, 'duvalyn', 'freites', '1974-09-17', '', '4145675705', 'barinas', 'duvaylinfreites@hotmail.com', 2),
	(807, 1, 12555175, 'rafael ', 'izarra', '1974-10-18', '2572560344', '4145740141', 'guanare', 'rizarrateran@gmail.com', 2),
	(808, 1, 12631847, 'margli', 'guerrero', '1976-05-27', '', '4247230271', 'barinas', 'marglyguerrero@hotmail.com', 2),
	(809, 1, 13501001, 'maria', 'segovia', '1977-11-07', '', '4145668098', 'barinas', 'mariasegov@gmail.com', 2),
	(810, 1, 13500999, 'iskra', 'marin', '1978-02-21', '', '0', 'barinas', 'virgicarl@hotmail.com', 2),
	(811, 1, 13682123, 'felicia', 'barrios', '1976-05-05', '', '4145567005', 'barinas', 'feliciabarrios@yahoo.com', 2),
	(812, 1, 14894610, 'victor', 'RODRIGUEZ', '1980-10-01', '', '0', 'barinas', 'virgicarl@hotmail.com', 1),
	(813, 1, 14894160, 'victor', 'RODRIGUEZ', '1976-05-05', '', '0', 'barinas', 'virgicarl@hotmail.com', 2),
	(814, 1, 16191866, 'mariaelina', 'rojas', '1979-12-16', '', '4245581606', 'barinas', 'rojasderojas@hotmail.com', 2),
	(815, 1, 5359438, 'jose elpidio', 'cadena', '1954-10-06', '', '0', 'apure', 'virgicarl@hotmail.com', 2),
	(816, 1, 4311356, 'quenza', 'nadedjha', '1953-03-19', '', '0', 'guanare', 'virgicarl@hotmail.com', 2),
	(817, 1, 1988874, 'francisco', 'lopez ', '1938-03-09', '', '0', 'barinas (+)', 'virgicarl@hotmail.com', 2),
	(818, 1, 3572690, 'saul', 'SALAZAR', '1947-12-13', '', '0', 'barinas (+)', 'virgicarl@hotmail.com', 2),
	(819, 1, 6258208, 'alvaro', 'pineres', '1948-01-12', '', '0', 'apure (+)', 'virgicarl@hotmail.com', 2),
	(820, 1, 4379779, 'lazaro', 'salomon', '1953-05-15', '', '0', 'apure (+)', 'virgicarl@hotmail.com', 2),
	(821, 1, 3916439, 'rafael', 'diaz', '1952-03-14', '', '0', 'barinas (+)', 'virgicarl@hotmail.com', 2),
	(822, 1, 10069602, 'carlos', 'ortega', '1966-06-16', '', '0', 'barinas (+) vice-rrectorado pendiente', 'virgicarl@hotmail.com', 2),
	(823, 1, 10618512, 'jhnonny ali', 'RODRIGUEZ', '1971-01-31', '', '0', 'barinas', 'virgicarl@hotmail.com', 2),
	(824, 1, 12203904, 'dalia', 'correa osuna', '1974-10-06', '', '4245016167', 'barinas', 'daliacorrea@gmail.com', 2),
	(825, 1, 19783377, 'elsy karin', 'brizuela valero', '1989-04-10', '', '4264721182', 'barinas', 'elsy_17@hotmail.com', 2),
	(826, 1, 13783165, 'ramon eduardo', 'vergara rivas', '1979-08-07', '2738713222', '4248102458', 'barinas', 'ramonvergara79@hotmail.com', 2),
	(827, 1, 9875202, 'carlos', 'flores', '1968-01-13', '', '0', 'apure', 'virgicarl@hotmail.com', 2),
	(828, 1, 13031883, 'ana gabriela', 'gonzalez briceno', '1990-01-22', '', '4125237083', 'barinas', 'virgicarl@hotmail.com', 1),
	(829, 1, 19031883, 'ana gabriela', 'gonzalez briceno', '1990-01-22', '', '4122537083', 'barinas', 'virgcarl@hotmail.com', 2),
	(830, 1, 10562140, 'migdalia del carmen', 'aldana', '2014-07-14', '0', '4245607596', 'barinas', 'migda.guerrera@hotmail.com', 2),
	(831, 1, 22111597, 'victor manuel', 'nunez quintero', '1994-06-09', '', '4245715616', 'barinas', 'victormnq@gmail.com', 2),
	(832, 1, 4929813, 'victora', 'gloria', '1955-09-24', '0', '0', 'barinas', 'virgicarl@hotmail.com', 2),
	(833, 1, 12837381, 'cesar alexander', 'manjarres contreras', '2015-02-10', '2735326085', '4264289833', 'barinas', 'virgicarl@hotmail.com', 2),
	(834, 1, 18560809, 'anny lucia', 'perez parra', '1987-05-23', '2735422216', '4145767191', 'barinas', 'annybb_23@hotmail.com', 2),
	(835, 1, 22984859, 'sirlin davielys', 'castillo rivas', '2015-03-11', '', '4145465344', 'barinas', 'virgicarl@hotmail.com', 2),
	(836, 1, 9987218, 'ADOLFO JOSE', 'PAREDES BATIDAS', '1969-12-27', '', '4145469678', 'guanare', 'adolpaba@gmail.com', 2),
	(837, 1, 12552833, 'lindolfo antonio', 'torres becerra', '1972-11-28', '2737712527', '4262384221', 'calle negro primero con av. sucre y bolivar casa #5, barrancas ', 'lindolfo.torres@gmail.com', 2);
/*!40000 ALTER TABLE `titular` ENABLE KEYS */;


-- Volcando estructura para tabla ipp.titular_datosp
CREATE TABLE IF NOT EXISTS `titular_datosp` (
  `titp_codigo` int(11) NOT NULL AUTO_INCREMENT,
  `titp_titcodigo` int(11) DEFAULT NULL,
  `titp_sueldo` double DEFAULT NULL,
  `titp_indem` double DEFAULT NULL,
  `titp_fecing` date DEFAULT NULL,
  `titp_viccodigo` int(11) DEFAULT NULL,
  `titp_cargo` varchar(250) COLLATE utf8_bin DEFAULT NULL,
  `titp_tippersonal` int(11) DEFAULT NULL,
  `tip_tipdocente` int(11) NOT NULL DEFAULT '0',
  PRIMARY KEY (`titp_codigo`),
  KEY `FK__titular` (`titp_titcodigo`),
  KEY `FK_titular_datosp_Vicerrectorado` (`titp_viccodigo`),
  KEY `FK_titular_datosp_gen_tipo_personal` (`titp_tippersonal`),
  KEY `FK_titular_datosp_gen_tipo_docente` (`tip_tipdocente`),
  CONSTRAINT `FK__titular` FOREIGN KEY (`titp_titcodigo`) REFERENCES `titular` (`tit_codigo`) ON DELETE CASCADE ON UPDATE CASCADE,
  CONSTRAINT `FK_titular_datosp_Vicerrectorado` FOREIGN KEY (`titp_viccodigo`) REFERENCES `vicerrectorado` (`vic_codigo`),
  CONSTRAINT `FK_titular_datosp_gen_tipo_personal` FOREIGN KEY (`titp_tippersonal`) REFERENCES `gen_tipo_personal` (`tip_codigo`)
) ENGINE=InnoDB AUTO_INCREMENT=10 DEFAULT CHARSET=utf8 COLLATE=utf8_bin;

-- Volcando datos para la tabla ipp.titular_datosp: ~0 rows (aproximadamente)
DELETE FROM `titular_datosp`;
/*!40000 ALTER TABLE `titular_datosp` DISABLE KEYS */;
INSERT INTO `titular_datosp` (`titp_codigo`, `titp_titcodigo`, `titp_sueldo`, `titp_indem`, `titp_fecing`, `titp_viccodigo`, `titp_cargo`, `titp_tippersonal`, `tip_tipdocente`) VALUES
	(9, 16, 750000, 2, '2016-10-01', 2, 'PROGRAMADOR', 3, 0);
/*!40000 ALTER TABLE `titular_datosp` ENABLE KEYS */;


-- Volcando estructura para tabla ipp.usuarios
CREATE TABLE IF NOT EXISTS `usuarios` (
  `id` int(11) NOT NULL AUTO_INCREMENT,
  `Cedula` int(11) NOT NULL DEFAULT '0',
  `Usuario` varchar(20) COLLATE utf8_unicode_ci NOT NULL DEFAULT '',
  `contrasena` varchar(250) COLLATE utf8_unicode_ci NOT NULL,
  `CodSede` varchar(10) COLLATE utf8_unicode_ci DEFAULT NULL,
  `Tipo` varchar(20) COLLATE utf8_unicode_ci NOT NULL,
  `Nivel` varchar(80) COLLATE utf8_unicode_ci DEFAULT NULL,
  `Stilo` int(1) NOT NULL,
  `theme_color` varchar(10) COLLATE utf8_unicode_ci NOT NULL,
  `Codigo` varchar(10) COLLATE utf8_unicode_ci DEFAULT NULL,
  `Registro` varchar(6) COLLATE utf8_unicode_ci DEFAULT NULL,
  `Fecha` datetime NOT NULL,
  `Observacion` varchar(200) COLLATE utf8_unicode_ci DEFAULT NULL,
  PRIMARY KEY (`id`),
  UNIQUE KEY `Usuario` (`Usuario`),
  UNIQUE KEY `Cedula_2` (`Tipo`,`Cedula`),
  KEY `Tipo` (`Cedula`,`Tipo`,`Usuario`),
  KEY `Cedula` (`Codigo`,`Usuario`,`Cedula`)
) ENGINE=InnoDB AUTO_INCREMENT=211 DEFAULT CHARSET=utf8 COLLATE=utf8_unicode_ci;

-- Volcando datos para la tabla ipp.usuarios: ~3 rows (aproximadamente)
DELETE FROM `usuarios`;
/*!40000 ALTER TABLE `usuarios` DISABLE KEYS */;
INSERT INTO `usuarios` (`id`, `Cedula`, `Usuario`, `contrasena`, `CodSede`, `Tipo`, `Nivel`, `Stilo`, `theme_color`, `Codigo`, `Registro`, `Fecha`, `Observacion`) VALUES
	(9, 19191493, 'ROJASGB', 'a1b995eb2627f17bfd5fcb1de8533c62', '', 'Empleado', '4', 0, '', '21407', '1', '2016-11-16 09:34:10', NULL),
	(176, 8573655, 'jlaya', '4653fa26706cb656ae859cd9f662e950', NULL, 'Empleado', '3', 0, '', NULL, '1', '2017-01-22 11:42:36', NULL),
	(208, 19191493, '', '', NULL, '', NULL, 0, '', '21407', NULL, '0000-00-00 00:00:00', NULL);
/*!40000 ALTER TABLE `usuarios` ENABLE KEYS */;


-- Volcando estructura para tabla ipp.vicerrectorado
CREATE TABLE IF NOT EXISTS `vicerrectorado` (
  `vic_codigo` int(11) NOT NULL AUTO_INCREMENT,
  `vic_descripcion` varchar(100) COLLATE utf8_bin NOT NULL DEFAULT '0',
  `vic_sufijo` varchar(50) COLLATE utf8_bin DEFAULT NULL,
  PRIMARY KEY (`vic_codigo`)
) ENGINE=InnoDB AUTO_INCREMENT=5 DEFAULT CHARSET=utf8 COLLATE=utf8_bin;

-- Volcando datos para la tabla ipp.vicerrectorado: ~4 rows (aproximadamente)
DELETE FROM `vicerrectorado`;
/*!40000 ALTER TABLE `vicerrectorado` DISABLE KEYS */;
INSERT INTO `vicerrectorado` (`vic_codigo`, `vic_descripcion`, `vic_sufijo`) VALUES
	(1, 'VICERRECTORADO DE PRODUCCION AGRICOLA', 'VPA'),
	(2, 'VICERRECTORADO DE INFRAESTRUCTURA Y DESARROLLOS INDUSTRIALES', 'VIPI'),
	(3, 'VICERRECTORA DE PLANIFICACIÓN Y DESARROLLO SOCIAL', 'VPDS'),
	(4, 'VICERRECTORA DE PLANIFICACIÓN Y DESARROLLO REGIONAL', 'VPDR');
/*!40000 ALTER TABLE `vicerrectorado` ENABLE KEYS */;
/*!40101 SET SQL_MODE=IFNULL(@OLD_SQL_MODE, '') */;
/*!40014 SET FOREIGN_KEY_CHECKS=IF(@OLD_FOREIGN_KEY_CHECKS IS NULL, 1, @OLD_FOREIGN_KEY_CHECKS) */;
/*!40101 SET CHARACTER_SET_CLIENT=@OLD_CHARACTER_SET_CLIENT */;
